id	entity	start_route	task	requirement_or_assumption	source_pointer	zero_state	one_state	many_state
ET001	Organization	/org-detail	Create or switch organization	Audit assumption; verify natural Org Detail versus switcher entry	src/routes/org-detail.tsx; src/routes/onboarding.index.tsx	PENDING	PENDING	PENDING
ET002	Organization	/org-detail	Find view and edit organization details	Existing Org Detail workflow; verify requirements	src/routes/org-detail.tsx	PENDING	PENDING	PENDING
ET003	Organization person	/org-detail	Add find edit and remove person	Existing parties workflow; verify requirements	src/components/org/PartiesManager.tsx	PENDING	PENDING	PENDING
ET004	Access membership	/org-detail	Find invite edit role and remove membership	Applicability and safe role fixture review required	src/components/settings/MembersPanel.tsx	PENDING	PENDING	PENDING
ET005	Group	/groups	Create group	Explicit Groups product decision; E6.2 F6.2.1 amended	src/routes/groups.index.tsx; src/routes/groups.$groupId.index.tsx	PENDING: source wizard link; live retest	PENDING: source redirect; live retest	FAILED: live staging two active groups no Create
ET006	Group	/groups	Find and view group	E6.2 F6.2.1 list or auto-land	src/routes/groups.index.tsx; src/routes/groups.$groupId.index.tsx	N/A: zero active groups	PENDING: source auto-redirect	TESTED: live two-group list and detail navigation
ET007	Group	/groups	Edit group facts	E6.2 F6.2.1 admin edit	src/routes/groups.$groupId.index.tsx	N/A: zero active groups	PENDING	PENDING
ET008	Group	/groups	Deactivate and recover group if supported	E1.1 F1.1.2 soft deletion; restore applicability review	src/components/onboarding/ProviderGroupSection.tsx	PENDING: inactive-only fixture	PENDING: one active plus inactive fixture	PENDING
ET009	Group	/groups	Save new group then open new group; Cancel returns	Explicit Groups product decision; E6.2 F6.2.1 amended	src/routes/groups.index.tsx; src/components/onboarding/ProviderGroupSection.tsx	BLOCKED: Groups-origin save path absent	BLOCKED: Groups-origin save path absent	BLOCKED: Groups-origin save path absent
ET010	Facility	/groups/$groupId/facilities	Create or import facility; find view edit deactivate and recover if supported	E1.2 facilities; recover applicability review	src/routes/groups.$groupId.facilities.tsx	PENDING	PENDING	PENDING
ET011	Group insurance policy	/groups/$groupId	Add view edit and remove policy; validate dates	Existing policy workflow; verify requirements	src/components/groups/InsurancePanel.tsx	PENDING	PENDING	PENDING
ET012	Group payer target	/groups/$groupId/payer-network	Attach remove and re-attach target	E6.2 F6.2.3; status is derived	src/routes/groups.$groupId.payer-network.tsx	PENDING	PENDING	PENDING
ET013	Group payer target	/groups/$groupId/payer-network	Find view derived status and provider drill-down; edit payer IDs	E6.2 F6.2.3; no board-side status writes	src/routes/groups.$groupId.payer-network.tsx	PENDING	PENDING	PENDING
ET014	Group payer target	/groups/$groupId/payer-network	Review generation candidates and exclude or restore where supported	E6.2 F6.2.3; applicability review	src/routes/groups.$groupId.payer-network.tsx	PENDING	PENDING	PENDING
ET015	Provider	/providers	Create or import provider; find and view provider	Existing provider workflow; verify requirements	src/routes/providers.index.tsx	PENDING	PENDING	PENDING
ET016	Provider	/providers	Edit identity; terminate and recover if supported	Termination is consequential; recovery applicability review	src/routes/providers.$id.index.tsx	PENDING	PENDING	PENDING
ET017	Provider license	/providers	Add view edit license and validate issue/expiration	Existing license workflow; verify requirements	src/routes/providers.$id.index.tsx	PENDING	PENDING	PENDING
ET018	Enrollment fact and payer ID	/providers	Add view edit enrollment fact and payer-issued ID	Only synthetic factual fixture permitted; verify requirements	src/components/providers/EnrollmentsPanel.tsx	PENDING	PENDING	PENDING
ET019	Group membership and facility assignment	/providers	Assign remove and restore group/facility; choose primary	Existing assignment workflow; verify requirements	src/components/providers/GroupsFacilitiesPanel.tsx	PENDING	PENDING	PENDING
ET020	Provider document	/providers	Upload find view replace metadata and inspect versions	Existing document workflow; file chooser blocked first pass	src/components/documents/DocumentsPanel.tsx	PENDING	PENDING	PENDING
ET021	Case	/cases	Create or generate case; find and view case	E2.1 case creation; verify generation requirement	src/routes/cases.index.tsx	PENDING	PENDING	PENDING
ET022	Case	/cases	Edit progress and dates; close or reopen where supported	Existing case workflow; external submission blocked	src/routes/cases.$id.tsx	PENDING	PENDING	PENDING
ET023	Case touch and note	/cases	Add find view edit or remove touch/note where supported	Existing touch and note workflows; verify edit/removal support	src/components/cases/CaseTouchesPanel.tsx; src/components/cases/CaseNotesPanel.tsx	PENDING	PENDING	PENDING
ET024	Case task	/cases	Find view complete or cancel task; recover if supported	Existing case task workflow; verify requirements	src/routes/tasks.$id.tsx	PENDING	PENDING	PENDING
ET025	Task artifact and document version	/cases	Attach replace validate dates and inspect version history	Existing artifact workflow; file chooser blocked first pass	src/components/documents/DocumentHistoryDialog.tsx; src/routes/tasks.$id.tsx	PENDING	PENDING	PENDING
ET026	Payer catalog	/admin/payer-admin/setup	Create find view edit archive and restore payer where supported	E6.5 Payer Setup; restore applicability review	src/routes/admin.payer-admin.setup.tsx	PENDING	PENDING	PENDING
ET027	Payer contact	/admin/payer-admin/setup	Add find edit and remove payer contact	Existing payer contact workflow; verify requirements	src/components/payer-admin/PayerContactsCard.tsx	PENDING	PENDING	PENDING
ET028	Payer portal and PDF field map	/admin/payer-admin/setup	Author edit inspect and recover portal/PDF mapping where supported	Existing portal/PDF authoring; saved fixture unavailable first pass	src/components/payer-admin/PayerPortalsTab.tsx; src/components/portals/PortalsRegistry.tsx	PENDING	PENDING	PENDING
ET029	Template	/admin/payer-admin/setup	Create find edit publish and inspect history; recover draft where supported	Existing template wizard; saved fixture unavailable first pass	src/routes/admin.templates.new.tsx; src/routes/admin.templates.$id.tsx	PENDING	PENDING	PENDING
ET030	Group document	/groups	Upload find view replace metadata and inspect versions	Existing group document workflow; file chooser blocked first pass	src/components/documents/DocumentsPanel.tsx	PENDING	PENDING	PENDING
ET031	Contract cell and detail	/reporting/contracts-matrix	Find create or update contract status specialty notes and dates; save/reopen	Group contracts matrix requirements; no external payer action	src/components/reports/ContractDetailDrawer.tsx	BLOCKED: matrix load error	BLOCKED: matrix load error	BLOCKED: matrix load error
ET032	Inbound lead	/reporting/leads	Find view convert and dismiss synthetic lead	Existing lead triage; public inquiry submission disallowed	src/components/org/InboundLeadsPanel.tsx	PENDING	PENDING	PENDING
ET033	Roster mapping	/reporting/rosters/templates	Create find edit and validate mapping	WP1.3 provider roster requirements	src/components/rosters/TemplateCatalog.tsx	PENDING	PENDING	PENDING
ET034	Roster validation override	/reporting/rosters/templates	Create inspect and revoke override where supported	WP1.3 audited override; revoke applicability review	src/components/rosters/RosterValidationWorkspace.tsx	PENDING	PENDING	PENDING
ET035	Roster export and history	/reporting/rosters/templates	Validate export download and inspect immutable history	WP1.3 provider roster requirements	src/components/rosters/RosterExportWorkspace.tsx; src/components/rosters/RosterExportHistory.tsx	PENDING	PENDING	PENDING
ET036	Portfolio share link	/reporting/portfolio	Create inspect revoke and verify access link	Existing synthetic organization-scoped share workflow	src/components/reporting/PortfolioReport.tsx	PENDING	PENDING	PENDING
ET037	Generation and run history	/providers	Preview candidates exclude restore confirm run and inspect history	Existing generation workflow; synthetic candidates only	src/components/generation/GenerationGrid.tsx; src/routes/generation_.runs.index.tsx	PENDING	PENDING	PENDING
ET038	CSV import run	/providers	Upload preview validate commit and inspect import result	Existing provider/facility import; file chooser blocked first pass	src/routes/import.$runId.tsx	PENDING	PENDING	PENDING
ET039	Account profile	/account	View edit cancel and save account fields; inspect access	Existing account workflow; real-account save boundary	src/routes/account.tsx	PENDING	PENDING	PENDING
ET040	Reporting Center catalog	/reporting	Locate and open each report; inspect loading empty error states	E6.1 Reporting Center entry; reports are aggregate views	src/routes/reporting.index.tsx	PENDING	PENDING	PENDING
ET041	Portfolio report	/reporting/portfolio	Filter inspect organization row and export/share where supported	Reporting read workflow; row count varies with fixtures	src/routes/reporting.portfolio.tsx	PENDING	PENDING	PENDING
ET042	Launches report	/reporting/launches	Find view and inspect at-risk launch rows	Reporting read workflow; row count varies with fixtures	src/routes/reporting.launches.tsx	PENDING	PENDING	PENDING
ET043	Facilities without providers report	/reporting/facilities-without-providers	Find view and inspect facility rows	Reporting read workflow; row count varies with fixtures	src/routes/reporting.facilities-without-providers.tsx	PENDING	PENDING	PENDING
ET044	Locations per group report	/reporting/locations-per-group	Find view and inspect group count rows	Reporting read workflow; row count varies with fixtures	src/routes/reporting.locations-per-group.tsx	PENDING	PENDING	PENDING
ET045	Denials report	/reporting/denials	Filter inspect export and navigate to case	Reporting read workflow; row count varies with fixtures	src/routes/reporting.denials.tsx	PENDING	PENDING	PENDING
ET046	Billing readiness report	/reporting/billing-readiness	Filter lookup inspect feed and export digest	Reporting read workflow; row count varies with fixtures	src/routes/reporting.billing-readiness.tsx	PENDING	PENDING	PENDING
ET047	Expiring credentials report	/reporting/expiring-credentials	Filter inspect document and navigate to source	Reporting read workflow; file chooser blocked populated fixture	src/routes/reporting.expiring-credentials.tsx	PENDING	PENDING	PENDING
ET048	Contracts matrix report	/reporting/contracts-matrix	Filter open cell retry load and inspect empty state	Group contracts matrix requirement; blocked staging schema	src/routes/reporting.contracts-matrix.tsx	BLOCKED: matrix load error	BLOCKED: matrix load error	BLOCKED: matrix load error
ET049	Audit log report	/reporting/audit-log	Filter dates users actions inspect event and reset	Existing audit log workflow	src/routes/reporting.audit-log.tsx	PENDING	PENDING	PENDING
ET050	Leads report	/reporting/leads	Inspect empty populated and error states	Existing lead report workflow; synthetic lead missing	src/routes/reporting.leads.tsx	PENDING	PENDING	PENDING
