payer_slug,name,parent_org,payer_kind,lobs,states,state_count,aliases,clearinghouse_payer_id,payer_id_scope,stedi_slug,enrollment_required,id_source
unitedhealthcare,UnitedHealthcare,UnitedHealth Group,commercial|medicaid_mco|medicare_advantage,commercial|managed_medicaid|medicare_advantage,AK|AL|AR|AZ|CA|CO|CT|DE|FL|GA|HI|IA|ID|IL|IN|KS|KY|LA|MA|MD|ME|MI|MN|MO|MS|MT|NC|ND|NE|NH|NJ|NM|NY|OH|OK|OR|PA|RI|SC|SD|TN|TX|UT|VA|VT|WA|WI|WV|WY,49,"AARP Medicare Advantage|AARP Medicare Advantage (UHC)|AARP Medicare Advantage from UHC|Arizona Physicians IPA (APIPA)|Golden Rule Insurance (UHG)|Neighborhood Health Partnership|Oxford|Oxford Health Plans|Surest|UHC|UHC Community Plan for Families|UHC Community Plan of Florida|UHC Community Plan of Georgia|UHC Community Plan of Nebraska|UHC Community Plan of RI|UHC of California|UMR|UMR (ASO TPA)|UMR (ASO)|UMR (PEIA third-party administrator)|UMR (dominant WY self-funded TPA)|UnitedHealthcare Community Plan|UnitedHealthcare Community Plan (Apple Health)|UnitedHealthcare Community Plan (BadgerCare Plus)|UnitedHealthcare Community Plan (Medicaid)|UnitedHealthcare Community Plan of Hawaii|UnitedHealthcare Community Plan of Idaho|UnitedHealthcare Community Plan of Indiana|UnitedHealthcare Community Plan of Missouri|UnitedHealthcare Community Plan of NJ|UnitedHealthcare Community Plan of New Mexico|UnitedHealthcare Community Plan of North Carolina|UnitedHealthcare Community Plan of Ohio, Inc.|UnitedHealthcare Community Plan of Tennessee|UnitedHealthcare Community Plan of Texas|UnitedHealthcare Medicare Advantage|UnitedHealthcare of Colorado|UnitedHealthcare of Florida|UnitedHealthcare of Georgia|UnitedHealthcare of New England|UnitedHealthcare of New York|UnitedHealthcare of Wisconsin|UnitedHealthcare of the Mid-Atlantic|UnitedHealthcare of the Midlands",87726,national,united-healthcare,,Stedi search results (stedi.com/healthcare/network/united-healthcare indexed; Stedi Transaction Enrollment docs reference UHC payer ID 87726)
cigna-healthcare,Cigna Healthcare,The Cigna Group,commercial,commercial|medicare_advantage,AK|AL|AR|AZ|CA|CO|CT|DE|FL|GA|HI|IA|IL|IN|KS|KY|LA|MA|MD|ME|MO|MS|MT|NC|ND|NE|NH|NJ|NM|NV|NY|OH|OK|PA|RI|SC|SD|TN|TX|UT|VA|VT|WA|WV|WY,45,"Allegiance (Cigna TPA)|Allegiance Benefit Plan Management (Cigna TPA, MT/WY self-funded)|Cigna|Cigna + Oscar (discontinued small-group product)|Cigna + Oscar (small group, historical)|Cigna + Oscar legacy small group|Cigna HealthSpring|Cigna HealthSpring (HCSC)|Cigna HealthSpring (legacy MA brand)|Cigna HealthSpring (legacy TN MA brand - MA business sold to HCSC 2025)|Cigna Medical Group legacy|Evernorth|Evernorth Behavioral Health|HealthSpring (legacy MA brand)|HealthSpring Life & Health",62308,national,,,Availity 837 PDF (CIGNA 62308); behavehealth.com/cigna-payer-id; Cigna 5010 837P companion guide surfaced in search
aetna,Aetna (CVS Health),CVS Health,commercial|medicaid_mco|medicare_advantage,commercial|managed_medicaid|medicare_advantage,AK|AL|AZ|CA|CO|CT|DE|FL|GA|IA|ID|IL|IN|KS|KY|LA|MD|ME|MI|MO|MS|MT|NC|ND|NE|NH|NJ|NM|NV|NY|OH|OK|PA|RI|SC|SD|TN|TX|UT|VA|VT|WA|WV|WY,44,"Aetna Better Health (exited NY Medicaid)|Aetna Better Health (no CO Medicaid product)|Aetna Better Health (no WA Medicaid contract)|Aetna Better Health NJ|Aetna Better Health of Florida|Aetna Better Health of Illinois (formerly IlliniCare)|Aetna Better Health of Kansas (exited 12/31/2024)|Aetna Better Health of Kentucky|Aetna Better Health of Louisiana|Aetna Better Health of Maryland|Aetna Better Health of Michigan|Aetna Better Health of Ohio|Aetna Better Health of Oklahoma|Aetna Better Health of PA (exited HealthChoices 2022)|Aetna Better Health of Texas|Aetna Better Health of Virginia (Medicaid)|Aetna Better Health of West Virginia|Aetna Health of California|Aetna Medicare|AlaskaCare (Aetna-administered)|Banner|Aetna (JV)|CVS Aetna|Coventry/CoventryCares WV (legacy)|Innovation Health (Aetna-Inova JV, northern VA)|Meritain Health|Meritain Health (ASO)|NC State Health Plan (Aetna-administered 2025-2027)|OhioRISE (Aetna)",60054,national,aetna,,"Availity 837 PDF (AETNA INSURANCE COMPANY 60054); claim.md/payer/60054/Aetna.html; Stedi search summary (primary 60054, aliases 4500, 60054MA, 6400, 953402799, AETNA, Z95668)"
humana,Humana,Humana Inc.,medicare_advantage,commercial|managed_medicaid|medicare_advantage|tricare,AL|AR|AZ|CO|CT|DE|FL|GA|HI|IA|ID|IL|IN|KS|KY|LA|ME|MI|MN|MO|MS|MT|NC|ND|NE|NH|NM|NV|OH|OK|RI|SC|SD|TN|TX|VA|VT|WI|WV|WY,40,CarePlus Health Plans|CenterWell|Humana Employers Health Plan of Georgia|Humana Gold Plus|Humana Healthy Horizons|Humana Healthy Horizons in Florida|Humana Healthy Horizons in Georgia|Humana Healthy Horizons in Ohio|Humana Healthy Horizons in South Carolina|Humana Healthy Horizons in Virginia (Medicaid)|Humana Healthy Horizons of Oklahoma|Humana Honor|Humana Medical Plan|Humana Medicare|Humana Military (TRICARE East Region)|Humana Military (TRICARE East contractor covering CT)|Humana Military (TRICARE East contractor covering DE)|Humana Military (TRICARE East)|HumanaChoice|Independent Care Health Plan (iCare),61101,national,,,Availity 837 PDF (HUMANA 61101); claim.md/payer/61101/Humana.html
tricare-west,TRICARE West (TriWest),TriWest Healthcare Alliance,tricare,tricare,AK|HI|KS|MT|ND|NM|OK|SD|WY,9,TRICARE West|TriWest|VA CCN Region 4 (TriWest)|formerly Health Net Federal Services (through 2024),99726,per_region,,,quadax/TherapyNotes 2025 TRICARE contractor-change notices (TriWest claims payer ID 99726 for DOS on/after 2025-01-01)
oscar-health,Oscar Health,"Oscar Health, Inc.",commercial,commercial,FL|KS|MO|NE|NJ|TN,6,Oscar|Oscar Garden State|Oscar Insurance Company of Florida,OSCAR,national,,,claim.md/payer/OSCAR (Oscar Insurance); search summary also cites 'OSCAR' as the Change Healthcare ID
tricare-east,TRICARE East (Humana Military),Humana Inc.,tricare,tricare,AL|KY|MD|MS|RI|SC,6,Humana Gold Plus|TRICARE East,99727,per_region,,,Waystar payer ID update notice via clients.gmed.com (TREST -> 99727 for DOS on/after 2025-01-01); quadax 2025 TRICARE contractor-change blog
medica,Medica,Medica (Minneapolis-based nonprofit),commercial|medicare_advantage,commercial|managed_medicaid|medicare_advantage,IA|MN|ND|NE|SD,5,Medica DUAL Solution (MSHO)|Medica IFB|Medica Insurance Company|Medica with Essentia / Sanford co-branded products,94265,per_state,,,claim.md/payer/94265 surfaced in search; summary identified it as 'Medica UHC 94265'
devoted-health,Devoted Health,"Devoted Health, Inc.",medicare_advantage,medicare_advantage,AL|FL|NM|TN,4,Devoted Health Insurance Company of Alabama|Devoted Health Plan of New Mexico,DEVOT,national,,,"Availity 837 PDF (DEVOTED HEALTH DEVOT, Professional Claims, Enrollment Required N)"
harvard-pilgrim-health-care,Harvard Pilgrim Health Care (Point32Health),Point32Health,commercial,commercial,CT|ME|NH|RI,4,HPHC|Harvard Pilgrim Health Care of New England,04271,per_plan,,,claim.md/payer/04271 (Harvard Pilgrim Health Care); claim.md/payer/04298 (Tufts Health Plan); quickintell.com/payers/tufts-health-plan
wellcare,Wellcare (Centene),Centene Corporation,medicare_advantage,medicare_advantage,AL|CT|DE|ME,4,Wellcare by Allwell|Wellcare by Fidelis? (no — NY only); Wellcare of Connecticut,,,,,WellCare-branded plans seen as 14163/11315 in the Availity list — verify per plan
mountain-health-co-op,Mountain Health CO-OP,"Mountain Health CO-OP (member-governed CO-OP, ID/MT/WY)",commercial,commercial,ID|MT|WY,3,Montana Health CO-OP|Montana Health CO-OP (parent brand),,,,,
pacificsource-health-plans,PacificSource Health Plans,PacificSource,commercial,commercial|managed_medicaid|medicare_advantage,ID|MT|OR,3,PacificSource Community Health Plans|PacificSource Community Solutions|PacificSource Medicare,93029,per_region,,,Availity 837 PDF (PACIFICSOURCE HEALTH PLANS 93029; PACIFICSOURCE MEDICARE 20377; PACIFICSOURCE COMMUNITY SOLUTIONS 20416)
sanford-health-plan,Sanford Health Plan,"Sanford Health (Sioux Falls, SD)",commercial,commercial|medicare_advantage,IA|ND|SD,3,Align powered by Sanford Health Plan|Align powered by Sanford Health Plan (MA)|Sanford Health Plan of North Dakota,91184,per_region,,,"sanfordhealthplan.com ID-card reference PDF (search summary: non-Medicare Advantage 91184, Medicare Advantage RP035); claim.md/payer/91184"
selecthealth,SelectHealth (Intermountain),Select Health (Intermountain Health),commercial,commercial|managed_medicaid|medicare_advantage,CO|ID|UT,3,SelectHealth|SelectHealth Advantage (MA)|SelectHealth Community Care (Medicaid ACO)|SelectHealth Idaho,SX107,per_region,,,thepracticebridge.com/SX107 (Select Health of Utah); selecthealth.org payer-id-list PDF says ID varies by clearinghouse (e.g. HT000015-001)
blue-cross-and-blue-shield-of-kansas-city,Blue Cross and Blue Shield of Kansas City (Blue KC),"Independent BCBS licensee (Blue KC, Kansas City, MO)",commercial,commercial|medicare_advantage,KS|MO,2,BCBSKC|Blue KC|Blue Medicare Advantage (Blue KC)|Spira Care,47171,per_region,,,claim.md/payer/47171; thepracticebridge.com/47171; lerasign.com/payer-id/kc-bcbs-47171
carefirst-bluecross-blueshield,CareFirst BlueCross BlueShield,"CareFirst, Inc. (independent BCBS licensee for MD, DC, N. Virginia)",commercial,commercial|managed_medicaid|medicare_advantage,MD|VA,2,CareFirst|CareFirst BlueChoice|CareFirst BlueCross BlueShield Advantage (MA)|CareFirst BlueCross BlueShield Community Health Plan Maryland (Medicaid)|Group Hospitalization and Medical Services Inc. (GHMSI),SB690,per_region,,,"Availity 837 PDF: CAREFIRST BCBS MARYLAND SB690, CAREFIRST BCBS DISTRICT OF COLUMBIA NCA SB580, CareFirst Medicare Advantage 193"
healthpartners,HealthPartners,"HealthPartners (integrated nonprofit, incl. Park Nicollet)",commercial,commercial|managed_medicaid|medicare_advantage,MN|ND,2,HealthPartners UnityPoint Health|HealthPartners UnityPoint Health (IA)|Journey/Robin plans,94267,per_state,,,healthpartners.com EDI claims-submission page (search summary: 94267 for all hospital/medical/dental/status/eligibility)
kaiser-permanente-mid-atlantic-states,Kaiser Permanente Mid-Atlantic States,"Kaiser Foundation Health Plan, Inc.",commercial,commercial|managed_medicaid|medicare_advantage,MD|VA,2,KPMAS|Kaiser Permanente Mid-Atlantic,,per_region,,,"mymedicalbillsolution.com Kaiser billing guide (search summary): NCAL 94135, SCAL 91062, CO 91617, GA 61415, HI 99938, Mid-Atlantic 52192, NW 91165, WA 91151; Availity 837 PDF row: KAISER FOUNDATION HEALTH PLAN WASHINGTON 91051 | 52192 seen but collides with Cigna HealthSpring in the Availity list — treat as unconfirmed"
martin-s-point-generations-advantage,Martin's Point Generations Advantage,"Martin's Point Health Care (Portland, ME nonprofit)",medicare_advantage,medicare_advantage|tricare,ME|NH,2,Generations Advantage|Martin's Point US Family Health Plan,,,,,
moda-health,Moda Health,"Moda Health (Moda, Inc.)",commercial,commercial|managed_medicaid|medicare_advantage,AK|OR,2,"Eastern Oregon CCO (EOCCO, Moda-affiliated)|Moda|Moda Assurance Company",13350,per_region,,,Availity 837 PDF (MODA HEALTH (ODS HEALTH PLAN) 13350)
premera-blue-cross,Premera Blue Cross,Premera Blue Cross,commercial,commercial|medicare_advantage,AK|WA,2,BCBS Federal Employee Program (AK)|LifeWise Health Plan of Washington (Premera affiliate)|Premera BCBS AK,00430,per_state,,,Availity 837 PDF (PREMERA BLUE CROSS (WA) 00430; PREMERA BCBS OF ALASKA 00934)
wellmark-blue-cross-and-blue-shield,Wellmark Blue Cross and Blue Shield (IA & SD),"Wellmark, Inc. (independent BCBSA licensee, IA & SD)",commercial,commercial|medicare_advantage,IA|SD,2,Wellmark|Wellmark Advantage Health Plan|Wellmark Advantage Health Plan (MA)|Wellmark BCBS|Wellmark Health Plan of Iowa|Wellmark of South Dakota,88848,per_state,,,"Availity 837 PDF (WELLMARK BCBS (IOWA, SOUTH DAKOTA) 88848)"
ohana-health-plan,'Ohana Health Plan (WellCare / Centene),Centene Corporation (WellCare),medicaid_mco,managed_medicaid|medicare_advantage,HI,1,'Ohana CCS|Ohana Health Plan|WellCare of Hawaii,,,,,WellCare-branded plans seen as 14163/11315 in the Availity list — verify per plan
absolute-total-care,Absolute Total Care,Centene Corporation,medicaid_mco,commercial|managed_medicaid|medicare_advantage,SC,1,Ambetter from Absolute Total Care (exchange)|Wellcare (Centene MA),,,,,
allegiance-benefit-plan-management,Allegiance Benefit Plan Management (Cigna),The Cigna Group,commercial,commercial,MT,1,Allegiance|Cigna + Allegiance,,,,,
alliant-health-plans,Alliant Health Plans,"Alliant Health Plans (independent nonprofit, Dalton GA)",commercial,commercial,GA,1,SimpleCare|SoloCare,,,,,
alohacare,AlohaCare,"AlohaCare (independent, community-founded nonprofit)",medicaid_mco,managed_medicaid|medicare_advantage,HI,1,AlohaCare Advantage Plus|AlohaCare QUEST Integration,,,,,
ambetter-from-arkansas-health-and-wellness,Ambetter from Arkansas Health & Wellness (Centene),Centene Corporation,commercial,commercial|managed_medicaid,AR,1,Arkansas Health & Wellness|Celtic Insurance (issuer),68069,per_plan,,,"Availity 837 PDF: 68069 rows for AMBETTER, CENTENE, SUPERIOR HEALTHPLAN, plus most state plans (Sunflower, Sunshine, Peach State, Buckeye, Magnolia, Louisiana Healthcare Connections, Coordinated Care, Arizona Complete Health, etc.)"
ambetter-from-wellcare-of-kentucky,Ambetter from WellCare of Kentucky (Centene),Centene Corporation,commercial,commercial,KY,1,Ambetter,68069,per_plan,,,"Availity 837 PDF: 68069 rows for AMBETTER, CENTENE, SUPERIOR HEALTHPLAN, plus most state plans (Sunflower, Sunshine, Peach State, Buckeye, Magnolia, Louisiana Healthcare Connections, Coordinated Care, Arizona Complete Health, etc.)"
ambetter-from-western-sky-community-care,Ambetter from Western Sky Community Care (Centene),Centene Corporation,commercial,commercial,NM,1,Ambetter of New Mexico|Western Sky Community Care,68069,per_plan,,,"Availity 837 PDF: 68069 rows for AMBETTER, CENTENE, SUPERIOR HEALTHPLAN, plus most state plans (Sunflower, Sunshine, Peach State, Buckeye, Magnolia, Louisiana Healthcare Connections, Coordinated Care, Arizona Complete Health, etc.)"
ambetter-health-of-nebraska,Ambetter Health of Nebraska (Centene),Centene Corporation,commercial,commercial,NE,1,Ambetter from Nebraska Total Care,68069,per_plan,,,"Availity 837 PDF: 68069 rows for AMBETTER, CENTENE, SUPERIOR HEALTHPLAN, plus most state plans (Sunflower, Sunshine, Peach State, Buckeye, Magnolia, Louisiana Healthcare Connections, Coordinated Care, Arizona Complete Health, etc.)"
ambetter-of-magnolia,Ambetter of Magnolia (Centene),Centene Corporation,commercial,commercial,MS,1,Ambetter,68069,per_plan,,,"Availity 837 PDF: 68069 rows for AMBETTER, CENTENE, SUPERIOR HEALTHPLAN, plus most state plans (Sunflower, Sunshine, Peach State, Buckeye, Magnolia, Louisiana Healthcare Connections, Coordinated Care, Arizona Complete Health, etc.)"
ambetter-of-peach-state,Ambetter of Peach State (Centene),Centene Corporation,commercial,commercial|medicare_advantage,GA,1,"Peach State Health Plan (Medicaid brand, exited 7/2026)|Wellcare of Georgia",68069,per_plan,,,"Availity 837 PDF: 68069 rows for AMBETTER, CENTENE, SUPERIOR HEALTHPLAN, plus most state plans (Sunflower, Sunshine, Peach State, Buckeye, Magnolia, Louisiana Healthcare Connections, Coordinated Care, Arizona Complete Health, etc.)"
ambetter-of-tennessee,Ambetter of Tennessee (Centene),Centene Corporation,commercial,commercial|medicare_advantage,TN,1,Celtic Insurance Company|Wellcare (Centene MA brand in TN),68069,per_plan,,,"Availity 837 PDF: 68069 rows for AMBETTER, CENTENE, SUPERIOR HEALTHPLAN, plus most state plans (Sunflower, Sunshine, Peach State, Buckeye, Magnolia, Louisiana Healthcare Connections, Coordinated Care, Arizona Complete Health, etc.)"
amerihealth-caritas-delaware,AmeriHealth Caritas Delaware,AmeriHealth Caritas (Independence Health Group),medicaid_mco,managed_medicaid,DE,1,ACDE,,,,,
amerihealth-caritas-louisiana,AmeriHealth Caritas Louisiana,AmeriHealth Caritas (Independence Blue Cross/Blue Cross family),medicaid_mco,managed_medicaid,LA,1,ACLA,,,,,
amerihealth-caritas-new-hampshire,AmeriHealth Caritas New Hampshire,AmeriHealth Caritas (Independence Health Group / Blue Cross of Idaho JV lineage),medicaid_mco,managed_medicaid,NH,1,ACNH,,,,,
amerihealth-caritas-north-carolina,AmeriHealth Caritas North Carolina,AmeriHealth Caritas (Independence Blue Cross / Blue Cross Blue Shield of Michigan JV),medicaid_mco,managed_medicaid,NC,1,ACNC,,,,,
amerihealth-caritas-pennsylvania-keystone-first,AmeriHealth Caritas Pennsylvania / Keystone First,AmeriHealth Caritas (owned by Independence Health Group + Blue Cross Blue Shield of Michigan),medicaid_mco,managed_medicaid,PA,1,AmeriHealth Caritas PA CHC|Keystone First|Keystone First CHC,,,,,
amerihealth-new-jersey,AmeriHealth New Jersey,Independence Health Group (AmeriHealth Holdings),commercial,commercial,NJ,1,AmeriHealth Insurance Company of New Jersey,,,,,
anthem-blue-cross-and-blue-shield-of-colorado,Anthem Blue Cross and Blue Shield of Colorado (Elevance),Elevance Health,commercial,commercial|medicare_advantage,CO,1,"Anthem BCBS of Colorado|Wellpoint (Medicaid brand, not active in CO)",00050,per_state,,,Availity 837 PDF (full per-state Anthem block); providers.anthem.com KY EDI page confirmed 00660 professional / 00160 institutional
anthem-blue-cross-and-blue-shield-of-connecticut,Anthem Blue Cross and Blue Shield of Connecticut (Elevance),Elevance Health,commercial,commercial|medicare_advantage,CT,1,Anthem BCBS of Connecticut,00060,per_state,,,Availity 837 PDF (full per-state Anthem block); providers.anthem.com KY EDI page confirmed 00660 professional / 00160 institutional
anthem-blue-cross-and-blue-shield-of-georgia,Anthem Blue Cross and Blue Shield of Georgia (Elevance),Elevance Health,commercial,commercial|medicare_advantage,GA,1,"Amerigroup Georgia (legacy name)|Anthem BCBS of Georgia|Wellpoint Georgia (Medicaid brand, exited 7/2026)",00601,per_state,,,Availity 837 PDF (full per-state Anthem block); providers.anthem.com KY EDI page confirmed 00660 professional / 00160 institutional
anthem-blue-cross-and-blue-shield-of-indiana,Anthem Blue Cross and Blue Shield of Indiana (Elevance),Elevance Health,commercial,commercial|managed_medicaid|medicare_advantage,IN,1,"Anthem|Anthem Hoosier Healthwise/HIP|Anthem PathWays for Aging|IU Health Plans (MA book acquired by Elevance, 2024)",00630,per_state,,,Availity 837 PDF (full per-state Anthem block); providers.anthem.com KY EDI page confirmed 00660 professional / 00160 institutional
anthem-blue-cross-and-blue-shield-of-kentucky,Anthem Blue Cross and Blue Shield of Kentucky (Elevance),Elevance Health,commercial,commercial|medicare_advantage,KY,1,Anthem BCBS KY|Anthem Health Plans of Kentucky,00660,per_state,,,Availity 837 PDF (full per-state Anthem block); providers.anthem.com KY EDI page confirmed 00660 professional / 00160 institutional
anthem-blue-cross-and-blue-shield-of-maine,Anthem Blue Cross and Blue Shield of Maine (Elevance),Elevance Health (Anthem Health Plans of Maine),commercial,commercial|medicare_advantage,ME,1,Anthem Health Plans of Maine|Anthem Maine,00680,per_state,,,Availity 837 PDF (full per-state Anthem block); providers.anthem.com KY EDI page confirmed 00660 professional / 00160 institutional
anthem-blue-cross-and-blue-shield-of-missouri,Anthem Blue Cross and Blue Shield of Missouri (Elevance),Elevance Health,commercial,commercial|managed_medicaid|medicare_advantage,MO,1,Anthem BCBS MO|Healthy Blue Missouri (Medicaid)|RightCHOICE (legacy),00241,per_state,,,Availity 837 PDF (full per-state Anthem block); providers.anthem.com KY EDI page confirmed 00660 professional / 00160 institutional
anthem-blue-cross-and-blue-shield-of-nevada,Anthem Blue Cross and Blue Shield of Nevada (Elevance),Elevance Health,commercial,commercial|managed_medicaid|medicare_advantage,NV,1,Anthem Nevada|Community Care Health Plan of Nevada (Medicaid),00265,per_state,,,Availity 837 PDF (full per-state Anthem block); providers.anthem.com KY EDI page confirmed 00660 professional / 00160 institutional
anthem-blue-cross-and-blue-shield-of-new-hampshire,Anthem Blue Cross and Blue Shield of New Hampshire (Elevance),Elevance Health,commercial,commercial|medicare_advantage,NH,1,Anthem NH|Matthew Thornton Health Plan (legacy HMO entity),00770,per_state,,,Availity 837 PDF (full per-state Anthem block); providers.anthem.com KY EDI page confirmed 00660 professional / 00160 institutional
anthem-blue-cross-and-blue-shield-of-new-york,Anthem Blue Cross and Blue Shield of New York (Elevance),Elevance Health,commercial,commercial|managed_medicaid|medicare_advantage,NY,1,Anthem HealthPlus (Medicaid)|Empire BlueCross (Bronx/upstate Blue Cross-only counties)|Empire BlueCross BlueShield,00803,per_state,,,Availity 837 PDF (full per-state Anthem block); providers.anthem.com KY EDI page confirmed 00660 professional / 00160 institutional
anthem-blue-cross-and-blue-shield-of-ohio,Anthem Blue Cross and Blue Shield of Ohio (Elevance),Elevance Health,commercial,commercial|managed_medicaid|medicare_advantage,OH,1,Anthem BCBS Ohio|Anthem Medicaid (OH)|Community Insurance Company,00834,per_state,,,Availity 837 PDF (full per-state Anthem block); providers.anthem.com KY EDI page confirmed 00660 professional / 00160 institutional
anthem-blue-cross-and-blue-shield-of-virginia,Anthem Blue Cross and Blue Shield of Virginia (Elevance),Elevance Health,commercial,commercial|managed_medicaid|medicare_advantage,VA,1,Anthem HealthKeepers|Anthem HealthKeepers Plus (Medicaid)|HealthKeepers Inc.,00423,per_state,,,Availity 837 PDF (full per-state Anthem block); providers.anthem.com KY EDI page confirmed 00660 professional / 00160 institutional
anthem-blue-cross-and-blue-shield-of-wisconsin,Anthem Blue Cross and Blue Shield of Wisconsin (Elevance),Elevance Health,commercial,commercial|managed_medicaid|medicare_advantage,WI,1,Compcare Health Services Insurance Corp (HMO/BadgerCare legal entity)|Wellpoint (some WI Medicaid materials),00950,per_state,,,Availity 837 PDF (full per-state Anthem block); providers.anthem.com KY EDI page confirmed 00660 professional / 00160 institutional
anthem-blue-cross-of-california,Anthem Blue Cross of California (Elevance),Elevance Health,commercial,commercial|managed_medicaid|medicare_advantage,CA,1,Anthem Blue Cross Partnership Plan (Medi-Cal)|Anthem Blue Cross of California,47198,per_state,,,Availity 837 PDF (full per-state Anthem block); providers.anthem.com KY EDI page confirmed 00660 professional / 00160 institutional
arizona-complete-health,Arizona Complete Health (Centene),Centene Corporation,medicaid_mco,commercial|managed_medicaid|medicare_advantage,AZ,1,Ambetter from Arizona Complete Health|Arizona Complete Health–Complete Care Plan|Wellcare by Allwell (AZ MA),68069,per_plan,,,"Availity 837 PDF: 68069 rows for AMBETTER, CENTENE, SUPERIOR HEALTHPLAN, plus most state plans (Sunflower, Sunshine, Peach State, Buckeye, Magnolia, Louisiana Healthcare Connections, Coordinated Care, Arizona Complete Health, etc.)"
arkansas-blue-cross-and-blue-shield,Arkansas Blue Cross and Blue Shield (USAble Mutual),USAble Mutual Insurance Company,commercial,commercial|managed_medicaid|medicare_advantage,AR,1,ABCBS|BlueMedicare|Health Advantage (HMO affiliate)|Octave Blue Cross and Blue Shield,00520,per_state,,,Availity 837 PDF (ARKANSAS BCBS 00520)
arkansas-total-care,Arkansas Total Care (Centene),Centene Corporation,medicaid_mco,managed_medicaid,AR,1,ATC PASSE,,,,,Centene plans generally consolidate on 68069 — verify per plan
aultcare,AultCare (Aultman Health Foundation),Aultman Health Foundation,commercial,commercial|medicare_advantage,OH,1,AultCare Insurance Company|PrimeTime Health Plan (MA),,,,,
avera-health-plans,Avera Health Plans,Avera Health,commercial,commercial|medicare_advantage,SD,1,"DAKOTACARE (legacy, merged into Avera)",46045,per_region,,,claim.md/payer/46045 (Avera Health Plans); thepracticebridge.com/46045
banner-health-plans,Banner Health Plans,Banner Health,medicaid_mco,commercial|managed_medicaid|medicare_advantage,AZ,1,Banner Medicare Advantage|Banner-University Care Advantage (D-SNP)|Banner–University Family Care,,,,,
baylor-scott-and-white-health-plan,Baylor Scott & White Health Plan,Baylor Scott & White Health,commercial,commercial|managed_medicaid|medicare_advantage,TX,1,BSW Health Plan|RightCare (legacy Medicaid brand)|Scott & White Health Plan (legacy),94999,per_region,CKANP,,bswhealthplan.com/providers/claims (search summary: 'use payer number 94999'); Stedi page indexed at stedi.com/healthcare/network/CKANP
blue-cross-and-blue-shield-of-mississippi,Blue Cross & Blue Shield of Mississippi,Blue Cross & Blue Shield of Mississippi (independent licensee),commercial,commercial|medicare_advantage,MS,1,BCBSMS,SB730,per_state,,,Search summary citing SB730 for BCBSMS 837 claims (bcbsms.com e-solutions surfaced alongside)
blue-cross-and-blue-shield-of-rhode-island,Blue Cross & Blue Shield of Rhode Island,Independent BCBS licensee,commercial,commercial|medicare_advantage,RI,1,BCBSRI|BlueCHiP,00870,per_state,,,"claim.md/payer/00870; practice.mbpractice.com payerId=00870; bcbsri.com FAQ (00870 Blue Shield/Blue Chip, 00370 Blue Cross/Blue Chip for ANSI files)"
blue-cross-and-blue-shield-of-alabama,Blue Cross and Blue Shield of Alabama,Blue Cross and Blue Shield of Alabama (independent licensee),commercial,commercial|medicare_advantage,AL,1,BCBS AL|Blue Advantage (MA product),00510,per_state,,,claim.md/payer/00510/AL; quickintell.com/payers/bcbs-alabama cites SB510 as primary with 00510 alias
blue-cross-and-blue-shield-of-illinois,Blue Cross and Blue Shield of Illinois (HCSC),Health Care Service Corporation,commercial,commercial|managed_medicaid|medicare_advantage,IL,1,BCBSIL|Blue Cross Community Health Plans (BCCHP)|Blue Cross Community MMAI (ended 2025),00621,per_state,,,"Availity 837 PDF: BCBS TEXAS 84980, BCBS ILLINOIS 00621, BCBS OKLAHOMA 00840, BCBS NEW MEXICO 00790, BCBS MONTANA 00751"
blue-cross-and-blue-shield-of-kansas,Blue Cross and Blue Shield of Kansas,"Independent BCBS licensee (Topeka, KS)",commercial,commercial|medicare_advantage,KS,1,BCBS of Kansas|BCBSKS,4716B,per_state,,,Availity 837 PDF (BCBS KANSAS 4716B)
blue-cross-and-blue-shield-of-louisiana,Blue Cross and Blue Shield of Louisiana,Independent BCBS licensee (Baton Rouge; sale to Elevance abandoned Feb 2024 - remains independent),commercial,commercial|medicare_advantage,LA,1,BCBSLA|Blue Advantage (MA)|HMO Louisiana,53120,per_state,,,Office Ally pre-enrollment packet title 'BCBS LOUISIANA (53120)' (cms.officeally.com/OfficeAlly/Forms/EDI/BCBS_LA_EDI_ERA_ENR_PKT.pdf)
blue-cross-and-blue-shield-of-minnesota,Blue Cross and Blue Shield of Minnesota (incl. Blue Plus),Aware Integrated / BCBS of Minnesota (nonprofit),commercial,commercial|managed_medicaid|medicare_advantage,MN,1,BCBSMN|Blue Plus (HMO/Medicaid)|SecureBlue (MSHO),00720,per_state,,,Availity 837 PDF (BCBS MINNESOTA 00720; aliases 220/00220/00222/222/720/722/00722; Blue Plus Medicaid 00726)
blue-cross-and-blue-shield-of-montana,Blue Cross and Blue Shield of Montana (HCSC),Health Care Service Corporation,commercial,commercial|medicare_advantage,MT,1,BCBSMT|Blue Cross Blue Shield of Montana|Blue Cross Medicare Advantage (MT),00751,per_state,,,"Availity 837 PDF: BCBS TEXAS 84980, BCBS ILLINOIS 00621, BCBS OKLAHOMA 00840, BCBS NEW MEXICO 00790, BCBS MONTANA 00751"
blue-cross-and-blue-shield-of-nebraska,Blue Cross and Blue Shield of Nebraska,Blue Cross and Blue Shield of Nebraska (independent licensee),commercial,commercial|medicare_advantage,NE,1,BCBSNE|Regency (BCBSNE MA brand),00760,per_state,,,lerasign.com/payer-id/ne-bcbs-00760; claim.md/payer/00760; quickintell.com/payers/bcbs-nebraska (alias CBNE1)
blue-cross-and-blue-shield-of-new-mexico,Blue Cross and Blue Shield of New Mexico (HCSC),Health Care Service Corporation,commercial,commercial|managed_medicaid|medicare_advantage,NM,1,BCBSNM|Blue Cross Community Centennial (legacy Medicaid brand)|Blue Cross Medicare Advantage|Blue Cross Turquoise Care,00790,per_state,,,"Availity 837 PDF: BCBS TEXAS 84980, BCBS ILLINOIS 00621, BCBS OKLAHOMA 00840, BCBS NEW MEXICO 00790, BCBS MONTANA 00751"
blue-cross-and-blue-shield-of-north-carolina,Blue Cross and Blue Shield of North Carolina,Blue Cross and Blue Shield of North Carolina (independent licensee),commercial,commercial|managed_medicaid|medicare_advantage,NC,1,"BCBSNC|Blue Cross NC|Blue Home|Experience Health (MA JV with Duke Health)|Healthy Blue (Medicaid, with Elevance)",SB810,per_state,,,claim.md/payer/SB810/NC; practice.mbpractice.com PayerInfo?payerId=SB810 (NC BCBS)
blue-cross-and-blue-shield-of-oklahoma,Blue Cross and Blue Shield of Oklahoma,Health Care Service Corporation (HCSC),commercial,commercial|medicare_advantage,OK,1,BCBS of Oklahoma|BCBSOK|HCSC Oklahoma,00840,per_state,,,"Availity 837 PDF: BCBS TEXAS 84980, BCBS ILLINOIS 00621, BCBS OKLAHOMA 00840, BCBS NEW MEXICO 00790, BCBS MONTANA 00751"
blue-cross-and-blue-shield-of-texas,Blue Cross and Blue Shield of Texas (HCSC),Health Care Service Corporation,commercial,commercial|managed_medicaid|medicare_advantage,TX,1,BCBSTX|Blue Advantage HMO|MyBlue Health,84980,per_state,,,"Availity 837 PDF: BCBS TEXAS 84980, BCBS ILLINOIS 00621, BCBS OKLAHOMA 00840, BCBS NEW MEXICO 00790, BCBS MONTANA 00751"
blue-cross-and-blue-shield-of-vermont,Blue Cross and Blue Shield of Vermont,Blue Cross Blue Shield of Michigan (affiliation completed 2023),commercial,commercial|medicare_advantage,VT,1,BCBSVT|The Vermont Health Plan (TVHP)|Vermont Blue Advantage,SB915,per_state,,,"claim.md/payer/sb915 (aliases BCBSVT, 700, 12B32, VT_BLUE_ADV)"
blue-cross-blue-shield-of-arizona,Blue Cross Blue Shield of Arizona,Blue Cross Blue Shield of Arizona (independent licensee),commercial,commercial|managed_medicaid|medicare_advantage,AZ,1,AZ Blue|Blue Medicare Advantage|Health Choice Arizona (Medicaid subsidiary),BCBSAZ,per_state,,,Availity 837 PDF (BCBS ARIZONA BCBSAZ)
blue-cross-blue-shield-of-massachusetts,Blue Cross Blue Shield of Massachusetts,Blue Cross Blue Shield of Massachusetts (independent licensee),commercial,commercial|medicare_advantage,MA,1,BCBSMA|Blue Cross MA,SB700,per_state,,,Availity 837 PDF (BCBS MASSACHUSETTS SB700)
blue-cross-blue-shield-of-michigan,Blue Cross Blue Shield of Michigan (incl. Blue Care Network),Blue Cross Blue Shield of Michigan Mutual,commercial,commercial|managed_medicaid|medicare_advantage,MI,1,BCBSM|BCN|Blue Care Network (HMO)|Medicare Plus Blue,00710,per_state,,,Availity 837 PDF (BCBS MICHIGAN AND BLUE CARE NETWORK 00710)
blue-cross-blue-shield-of-north-dakota,Blue Cross Blue Shield of North Dakota (Noridian Mutual Insurance Company),Noridian Mutual Insurance Company (independent BCBS licensee),commercial,commercial|managed_medicaid|medicare_advantage,ND,1,BCBSND|BCBSND Medicaid Expansion|HealthyDakota Mutual Holdings|Noridian Mutual,55891,per_state,,,Availity 837 PDF (BCBS NORTH DAKOTA 55891)
blue-cross-blue-shield-of-wyoming,Blue Cross Blue Shield of Wyoming,Blue Cross Blue Shield of Wyoming (independent licensee),commercial,commercial|medicare_advantage,WY,1,BCBSWY,53767,per_state,,,Availity 837 PDF (BCBS WYOMING 53767)
blue-cross-complete-of-michigan,Blue Cross Complete of Michigan,BCBSM / AmeriHealth Caritas joint venture,medicaid_mco,managed_medicaid,MI,1,BCC,,,,,
blue-cross-of-idaho,Blue Cross of Idaho,"Blue Cross of Idaho Health Service, Inc. (independent BCBSA licensee)",commercial,commercial|medicare_advantage,ID,1,BCI|Blue Cross of Idaho Care Plus|True Blue (MA),BLUEC,per_state,,,"providers.bcidaho.com EDI page (search summary: 'enter BLUEC as the payer ID for professional, institutional and dental claims')"
blue-shield-of-california,Blue Shield of California,Blue Shield of California (nonprofit; independent licensee),commercial,commercial|managed_medicaid|medicare_advantage,CA,1,Blue Shield Promise Health Plan (Medi-Cal/D-SNP),94036,per_state,blue-shield-of-california,,claim.md/payer/94036; practice.mbpractice.com payerId=94036; Stedi payer page indexed at stedi.com/healthcare/network/blue-shield-of-california
bluecross-blueshield-of-south-carolina,BlueCross BlueShield of South Carolina,Independent BCBS licensee (also parent of BlueChoice HealthPlan),commercial,commercial|medicare_advantage,SC,1,BCBS SC|BlueChoice HealthPlan (subsidiary),00401,per_state,,,claim.md/payer/00401/SC BCBS.html
bluecross-blueshield-of-tennessee,BlueCross BlueShield of Tennessee,"BlueCross BlueShield of Tennessee, Inc. (independent licensee)",commercial,commercial|managed_medicaid|medicare_advantage,TN,1,BCBST|BlueAdvantage|BlueCare Plus|BlueCare Tennessee|TennCare Select,00390,per_state,,,"claim.md/payer/00390/TN (aliases SB890/SB891/SB892, 00890, BlueCare/TennCare Select)"
braven-health,Braven Health,JV: Horizon BCBSNJ + Hackensack Meridian Health + RWJBarnabas Health,medicare_advantage,medicare_advantage,NJ,1,Braven Medicare,,,,,
buckeye-health-plan,Buckeye Health Plan (Centene),Centene Corporation,medicaid_mco,commercial|managed_medicaid|medicare_advantage,OH,1,Ambetter from Buckeye Health Plan (exchange)|Buckeye MyCare Ohio|Wellcare by Allwell / Wellcare (MA),68069,per_plan,,,"Availity 837 PDF: 68069 rows for AMBETTER, CENTENE, SUPERIOR HEALTHPLAN, plus most state plans (Sunflower, Sunshine, Peach State, Buckeye, Magnolia, Louisiana Healthcare Connections, Coordinated Care, Arizona Complete Health, etc.)"
capital-blue-cross,Capital Blue Cross,Independent Blue licensee (Capital Blue Cross),commercial,commercial|medicare_advantage,PA,1,Capital Advantage Assurance Company|Capital BlueCross,23045,per_region,,,claim.md/payer/23045; lerasign.com/payer-id/capital-blue-cross-23045; quickintell.com/payers/capital-blue-cross
care1st-health-plan-arizona,Care1st Health Plan Arizona (Centene),Centene Corporation (WellCare family),medicaid_mco,managed_medicaid,AZ,1,Care1st Arizona,,,,,
careoregon,CareOregon (incl. Columbia Pacific CCO and Jackson Care Connect),CareOregon (nonprofit; SCAN Group merger terminated 2024),medicaid_mco,managed_medicaid|medicare_advantage,OR,1,CareOregon Advantage|Columbia Pacific CCO|Jackson Care Connect,,,,,
carepartners-of-connecticut,CarePartners of Connecticut (Point32Health / Hartford HealthCare JV),Point32Health (JV with Hartford HealthCare),medicare_advantage,medicare_advantage,CT,1,,,,,,
caresource-georgia,CareSource Georgia,"CareSource (nonprofit, Dayton OH)",medicaid_mco,commercial|managed_medicaid,GA,1,CareSource Georgia Co.,GACS1,per_state,,,Availity 837 PDF (CARESOURCE OHIO / Medicaid / MyCare / Marketplace all 31114)
caresource-indiana,CareSource Indiana,"CareSource (Dayton, OH nonprofit)",medicaid_mco,commercial|managed_medicaid|medicare_advantage,IN,1,CareSource D-SNP|CareSource Marketplace,INCS1,per_state,,,Availity 837 PDF (CARESOURCE OHIO / Medicaid / MyCare / Marketplace all 31114)
caresource-kentucky,CareSource Kentucky,"CareSource (Dayton, OH nonprofit)",commercial,commercial,KY,1,CareSource Kentucky Co.,KYCS1,per_state,,,Availity 837 PDF (CARESOURCE OHIO / Medicaid / MyCare / Marketplace all 31114)
caresource-nevada,CareSource Nevada,"CareSource (nonprofit, Dayton OH)",medicaid_mco,managed_medicaid,NV,1,CareSource NV,,,,,
caresource-ohio,CareSource Ohio,CareSource Management Group (Dayton-based non-profit),medicaid_mco,commercial|managed_medicaid|medicare_advantage,OH,1,"CareSource D-SNP|CareSource Marketplace|CareSource MyCare Ohio|CareSource Ohio, Inc.",31114,per_state,,,Availity 837 PDF (CARESOURCE OHIO / Medicaid / MyCare / Marketplace all 31114)
caresource-passe,CareSource PASSE,CareSource (with Arkansas provider partners),medicaid_mco,managed_medicaid,AR,1,,ARCS1,per_state,,,Availity 837 PDF (CARESOURCE OHIO / Medicaid / MyCare / Marketplace all 31114)
caresource-west-virginia,CareSource West Virginia (marketplace),CareSource,commercial,commercial,WV,1,CareSource West Virginia Co.,WVCS1,per_state,,,Availity 837 PDF (CARESOURCE OHIO / Medicaid / MyCare / Marketplace all 31114)
centene,Centene (Home State Health / Ambetter of Missouri / Wellcare),"Centene Corporation (HQ: St. Louis, MO)",medicaid_mco,commercial|managed_medicaid|medicare_advantage,MO,1,Ambetter of Missouri|Home State Health|Show Me Healthy Kids|Wellcare (MA),,,,,
chorus-community-health-plans,Chorus Community Health Plans (Children's Wisconsin),Children's Wisconsin,medicaid_mco,commercial|managed_medicaid,WI,1,CCHP|Children's Community Health Plan (legacy name),,,,,
clover-health,Clover Health,Clover Health Investments,medicare_advantage,medicare_advantage,NJ,1,Clover Health of New Jersey,,,,,
colorado-access,Colorado Access,Colorado Access (nonprofit),medicaid_mco,managed_medicaid,CO,1,CO Access,,,,,
commonwealth-care-alliance,Commonwealth Care Alliance,Commonwealth Care Alliance (nonprofit),medicare_advantage,managed_medicaid|medicare_advantage,MA,1,CCA|CCA One Care|CCA Senior Care Options,,,,,
community-health-choice,Community Health Choice (TX),Harris Health System (Harris County),medicaid_mco,commercial|managed_medicaid,TX,1,CHC Texas,48145,per_region,,,practice.mbpractice.com PayerInfo?payerId=48145 (Community Health Choice)
community-health-options,Community Health Options,"Independent CO-OP (Lewiston, ME)",commercial,commercial,ME,1,CHO|Maine Community Health Options,,,,,
community-health-plan-of-washington,Community Health Plan of Washington,Washington Association for Community Health (community health centers),medicaid_mco,managed_medicaid|medicare_advantage,WA,1,CHPW|CHPW Medicare Advantage (D-SNP),CHPWA,per_state,,,Availity 837 PDF (COMMUNITY HEALTH PLAN OF WASHINGTON CHPWA)
communitycare-of-oklahoma,CommunityCare of Oklahoma,JV of Saint Francis Health System and Ascension St. John (Tulsa),commercial,commercial|medicare_advantage,OK,1,CommunityCare HMO|CommunityCare Senior Health Plan,,,,,
connecticare,ConnectiCare (Molina Healthcare),"Molina Healthcare (acquired from EmblemHealth, closed Feb 2025)",commercial,commercial|medicare_advantage,CT,1,ConnectiCare Benefits|ConnectiCare Insurance Company,,,,,
coordinated-care-of-washington,Coordinated Care of Washington (Centene),Centene Corporation,medicaid_mco,commercial|managed_medicaid,WA,1,Ambetter from Coordinated Care (marketplace)|Apple Health Core Connections (foster care contract),68069,per_plan,,,"Availity 837 PDF: 68069 rows for AMBETTER, CENTENE, SUPERIOR HEALTHPLAN, plus most state plans (Sunflower, Sunshine, Peach State, Buckeye, Magnolia, Louisiana Healthcare Connections, Coordinated Care, Arizona Complete Health, etc.)"
countycare-health-plan,CountyCare Health Plan (Cook County Health),Cook County Health & Hospitals System,medicaid_mco,managed_medicaid,IL,1,,,,,,
cox-healthplans,Cox HealthPlans,"CoxHealth (Springfield, MO)",commercial,commercial,MO,1,Cox Health Systems Insurance Company,,,,,
dean-health-plan-by-medica,Dean Health Plan by Medica,Medica (Dean merged into Medica 2021; SSM Health remains the provider partner),commercial,commercial|managed_medicaid|medicare_advantage,WI,1,"Dean Health Plan|Medica|Prevea360 Health Plan (Dean affiliate, NE/W WI)",39113,per_region,,,Availity 837 PDF (DEAN HEALTH PLAN 39113; DEAN HEALTH PLANS 41822; Prevea360 41822)
delaware-first-health,Delaware First Health (Centene),Centene Corporation,medicaid_mco,managed_medicaid,DE,1,,,,,,Centene plans generally consolidate on 68069 — verify per plan
denver-health-medical-plan,Denver Health Medical Plan (Elevate Health Plans),Denver Health and Hospital Authority,medicaid_mco,commercial|managed_medicaid|medicare_advantage,CO,1,Elevate Medicaid Choice|Elevate by Denver Health,,,,,
ebms,EBMS (Employee Benefit Management Services),"EBMS (independent TPA, Billings MT)",commercial,commercial,MT,1,miBenefits (EBMS),,,,,
emblemhealth,EmblemHealth (GHI / HIP),"EmblemHealth, Inc.",commercial,commercial|managed_medicaid|medicare_advantage,NY,1,"EmblemHealth Plan, Inc.|GHI|HIP Health Plan of New York|Vytra",13551,per_region,,,claim.md/payer/13551 (Emblem Health GHI New York Group Health Inc); emblemhealth.com guide (search summary: 'Electronic Payer ID is 13551')
emi-health,EMI Health,Educators Mutual Insurance Association,commercial,commercial,UT,1,Educators Mutual,,,,,
empower-healthcare-solutions,Empower Healthcare Solutions,Provider-led consortium (incl. Beacon/Carelon heritage partners),medicaid_mco,managed_medicaid,AR,1,Empower PASSE,,,,,
essence-healthcare,Essence Healthcare (Lumeris),Lumeris,medicare_advantage,medicare_advantage,MO,1,Essence,,,,,
excellus-bluecross-blueshield,Excellus BlueCross BlueShield (upstate NY),Excellus BCBS (Lifetime Healthcare Companies),commercial,commercial|managed_medicaid|medicare_advantage,NY,1,BlueCross BlueShield of Central New York / Rochester / Utica-Watertown regions|Excellus Health Plan|Univera Healthcare (WNY affiliate),00804,per_region,,,claim.md/payer/00804 (Rochester area); practice.mbpractice.com payerId=00806 (Utica-Watertown); SimplePractice notes 3 IDs by county
fallon-health,Fallon Health,Fallon Health (independent nonprofit),commercial,commercial|managed_medicaid|medicare_advantage,MA,1,Fallon 365 Care|Fallon Community Health Plan|Fallon Medicare Plus|NaviCare (SCO),,,,,
farm-bureau-health-plans,Farm Bureau Health Plans (Tennessee),Tennessee Farm Bureau,commercial,commercial,TN,1,FB Health Plans|TRH Health Plans (legacy),,,,,
fidelis-care,Fidelis Care (Centene),Centene Corporation,medicaid_mco,commercial|managed_medicaid|medicare_advantage,NY,1,Ambetter from Fidelis Care (exchange)|Fidelis Care at Home|Wellcare by Fidelis Care (MA),,,,,Centene plans generally consolidate on 68069 — verify per plan; WellCare-branded plans differ (14163/11315)
fidelis-care-new-jersey,Fidelis Care New Jersey (Centene),Centene Corporation,medicaid_mco,commercial|managed_medicaid|medicare_advantage,NJ,1,Ambetter from WellCare of NJ|WellCare of New Jersey (former name)|Wellcare (Centene MA brand),,,,,Centene plans generally consolidate on 68069 — verify per plan; WellCare-branded plans differ (14163/11315)
first-choice-by-select-health-of-south-carolina,First Choice by Select Health of South Carolina,AmeriHealth Caritas,medicaid_mco,managed_medicaid,SC,1,First Choice|Select Health of SC,,,,,
florida-blue,Florida Blue (GuideWell),GuideWell Mutual Holding Corporation,commercial,commercial|medicare_advantage,FL,1,Blue Cross and Blue Shield of Florida|Florida Blue Medicare|Truli for Health,00590,per_state,,,Availity 837 PDF (FLORIDA BLUE (BCBS FLORIDA) 00590)
geha,GEHA,Government Employees Health Association,commercial,commercial,AK,1,,,,,,
geisinger-health-plan,Geisinger Health Plan,Geisinger (Risant Health / Kaiser Foundation Hospitals),commercial,commercial|managed_medicaid|medicare_advantage,PA,1,GHP|GHP Family|Geisinger Gold,75273,per_region,,,"geisinger.org claims-and-e-transactions (search summary: 'For AllScripts, Availity or Experian use GHP Payer ID #75273'); claim.md/payer/75273"
globalhealth,GlobalHealth,"GlobalHealth Holdings, LLC",medicare_advantage,commercial|medicare_advantage,OK,1,GlobalHealth Medicare Advantage,,,,,
great-plains-medicare-advantage,Great Plains Medicare Advantage,Great Plains Health Plan (regional; parent affiliation unverified),medicare_advantage,medicare_advantage,SD,1,,,,,,
health-alliance-wound-down,Health Alliance (Carle Health) — WOUND DOWN,Carle Health,commercial,commercial|medicare_advantage,IL,1,Health Alliance Medical Plans,,,,,
health-alliance-plan,Health Alliance Plan (Henry Ford Health),Henry Ford Health,commercial,commercial|managed_medicaid|medicare_advantage,MI,1,Alliance Health and Life|HAP|HAP CareSource (Medicaid JV)|HAP Empowered,,,,,
health-choice-utah,Health Choice Utah,Blue Cross Blue Shield of Arizona (acquired Health Choice from Steward),medicaid_mco,managed_medicaid,UT,1,,,,,,
health-net,Health Net (Centene),Centene Corporation,medicaid_mco,commercial|managed_medicaid|medicare_advantage,CA,1,CalViva Health (administered)|Health Net Community Solutions|Health Net of California,,,,,Centene; California Health & Wellness 68047 seen — verify per plan
health-new-england,Health New England,Baystate Health,commercial,commercial|managed_medicaid|medicare_advantage,MA,1,BeHealthy Partnership (MassHealth ACO with Baystate)|HNE,,,,,
health-plan-of-nevada-sierra-health-and-life,Health Plan of Nevada / Sierra Health and Life (UnitedHealthcare),UnitedHealth Group,commercial,commercial|managed_medicaid|medicare_advantage,NV,1,HPN|Senior Dimensions (MA)|Sierra Health and Life|UnitedHealthcare Nevada,,,,,
health-share-of-oregon,Health Share of Oregon,"Nonprofit CCO (plan partners incl. CareOregon, Kaiser, Legacy/PacificSource, OHSU, Providence)",medicaid_mco,managed_medicaid,OR,1,Health Share,,,,,
healthchoice,HealthChoice (Oklahoma Office of Management and Enterprise Services / EGID),State of Oklahoma (Employees Group Insurance Division),commercial,commercial,OK,1,EGID|HealthChoice Oklahoma,,,,,
healthfirst,Healthfirst (NY),Healthfirst (hospital-sponsored non-profit; HF Management Services),medicaid_mco,commercial|managed_medicaid|medicare_advantage,NY,1,Healthfirst Essential Plan|Healthfirst Medicare Plan|Healthfirst PHSP,80141,per_state,,,claim.md/payer/80141/Healthfirst.html; quickintell.com/payers/healthfirst-ny
healthy-blue,Healthy Blue (Blue Cross NC + Amerigroup/Elevance partnership),Blue Cross NC in partnership with Elevance Health (Amerigroup),medicaid_mco,managed_medicaid,NC,1,Healthy Blue + Medicare (D-SNP)|Healthy Blue NC,00602,per_state,,,Availity 837 PDF (full per-state Anthem block); providers.anthem.com KY EDI page confirmed 00660 professional / 00160 institutional
healthy-blue-kansas,Healthy Blue Kansas,"Elevance Health (majority, via Anthem Partnership Holding Co.) with BCBS of Kansas and Blue KC as minority partners",medicaid_mco,managed_medicaid,KS,1,Healthy Blue,,,,,
healthy-blue-louisiana,Healthy Blue Louisiana,Joint venture of Blue Cross and Blue Shield of Louisiana and Elevance Health (Anthem/Amerigroup),medicaid_mco,managed_medicaid|medicare_advantage,LA,1,Healthy Blue Dual Advantage|Healthy Blue LA,00661,per_state,,,Availity 837 PDF (full per-state Anthem block); providers.anthem.com KY EDI page confirmed 00660 professional / 00160 institutional
healthy-blue-south-carolina,Healthy Blue South Carolina (BlueChoice HealthPlan),BlueChoice HealthPlan of South Carolina (BCBS SC subsidiary; historically administered in partnership with Amerigroup/Elevance),medicaid_mco,managed_medicaid,SC,1,BlueChoice HealthPlan Medicaid,00403,per_state,,,Availity 837 PDF (full per-state Anthem block); providers.anthem.com KY EDI page confirmed 00660 professional / 00160 institutional
hennepin-health,Hennepin Health,Hennepin County / Hennepin Healthcare System,medicaid_mco,managed_medicaid,MN,1,Metropolitan Health Plan (legacy name),,,,,
highmark-blue-cross-blue-shield-highmark-blue-shield,Highmark Blue Cross Blue Shield / Highmark Blue Shield (incl. Highmark Wholecare),Highmark Health,commercial,commercial|managed_medicaid|medicare_advantage,PA,1,"Highmark Blue Shield (central PA)|Highmark Inc.|Highmark Wholecare (Medicaid, former Gateway Health)",54771,per_region,,,IBX/Highmark 'Payer ID provider number reference - Professional' PDFs surfaced in search: Highmark Blue Shield professional = 54771
highmark-blue-cross-blue-shield-delaware,Highmark Blue Cross Blue Shield Delaware,Highmark Health,commercial,commercial|managed_medicaid|medicare_advantage,DE,1,Highmark BCBSD|Highmark Delaware,,,,,
highmark-blue-cross-blue-shield-of-western-new-york,Highmark Blue Cross Blue Shield of Western New York,Highmark Health,commercial,commercial|managed_medicaid|medicare_advantage,NY,1,BlueCross BlueShield of Western New York|HealthNow New York|Highmark Blue Shield of Northeastern New York (Albany-region sister licensee),00246,per_region,,,IBX/Highmark 'Payer ID provider number reference - Professional' PDFs surfaced in search: Highmark Blue Shield professional = 54771 | Medicaid/CHP ID per Availity list
highmark-blue-cross-blue-shield-west-virginia,Highmark Blue Cross Blue Shield West Virginia,Highmark Health,commercial,commercial|managed_medicaid|medicare_advantage,WV,1,Freedom Blue PPO (MA)|Highmark Health Options West Virginia (Medicaid affiliate)|Mountain State Blue Cross Blue Shield (legacy name),,,,,
highmark-health-options-delaware,Highmark Health Options Delaware,Highmark Health,medicaid_mco,managed_medicaid,DE,1,Health Options,,,,,
highmark-health-options-west-virginia,Highmark Health Options West Virginia,Highmark Health,medicaid_mco,managed_medicaid,WV,1,HHOWV,,,,,
hmaa,HMAA (Hawaii Medical Assurance Association),HMAA,commercial,commercial,HI,1,Hawaii Medical Assurance Association,,,,,
hmsa,HMSA (Blue Cross and Blue Shield of Hawaii),Hawaii Medical Service Association (BCBSA licensee),commercial,commercial|managed_medicaid|medicare_advantage,HI,1,HMSA Akamai Advantage|HMSA QUEST Integration|Hawaii Medical Service Association,SB971,per_state,,,claim.md/payer/sb971; ClaimShuttle Hawaii BCBS HMSA page surfaced in search
hometown-health,Hometown Health (Renown Health),Renown Health,commercial,commercial|medicare_advantage,NV,1,Senior Care Plus (MA),,,,,
horizon-blue-cross-blue-shield-of-new-jersey,Horizon Blue Cross Blue Shield of New Jersey,Horizon Mutual Holdings,commercial,commercial|managed_medicaid|medicare_advantage,NJ,1,"Braven Health (MA JV, listed separately)|Horizon BCBSNJ|Horizon NJ Health (Medicaid)",22099,per_state,,,horizonblue.com claim-submission pages (search summary: 'vast majority of member claims including FEP use payer ID 22099'); claim.md/payer/22099
independence-blue-cross,Independence Blue Cross,Independence Health Group,commercial,commercial|medicare_advantage,PA,1,AmeriHealth|IBC|IBX|Keystone Health Plan East,54704,per_region,,,ibx.com payer-ID reference PDF (search summary); claim.md/payer/54704
inland-empire-health-plan,Inland Empire Health Plan (IEHP),Public entity (Riverside & San Bernardino counties JPA),medicaid_mco,commercial|managed_medicaid,CA,1,IEHP|IEHP Covered|IEHP DualChoice,,,,,
iowa-total-care-with-ambetter-wellcare-affiliates,Iowa Total Care (Centene) — with Ambetter/Wellcare affiliates,Centene Corporation,medicaid_mco,commercial|managed_medicaid|medicare_advantage,IA,1,Ambetter from Iowa Total Care|Wellcare (MA),,,,,Centene plans generally consolidate on 68069 — verify per plan
iu-health-plans,IU Health Plans (now part of Elevance Health),"Elevance Health (acquired from Indiana University Health, 2024)",medicare_advantage,commercial|medicare_advantage,IN,1,Indiana University Health Plans,,,,,
jefferson-health-plans,Jefferson Health Plans (Health Partners Plans),Jefferson Health,medicaid_mco,commercial|managed_medicaid|medicare_advantage,PA,1,HPP|Health Partners Medicare|Health Partners Plans,,,,,
johns-hopkins-us-family-health-plan,Johns Hopkins US Family Health Plan,Johns Hopkins Medicine,commercial,tricare,DE,1,USFHP,,,,,
kaiser-permanente-california,Kaiser Permanente California,"Kaiser Foundation Health Plan, Inc.",commercial,commercial|managed_medicaid|medicare_advantage,CA,1,KFHP|Kaiser NorCal/SoCal,94135,per_region,,,"mymedicalbillsolution.com Kaiser billing guide (search summary): NCAL 94135, SCAL 91062, CO 91617, GA 61415, HI 99938, Mid-Atlantic 52192, NW 91165, WA 91151; Availity 837 PDF row: KAISER FOUNDATION HEALTH PLAN WASHINGTON 91051 | Northern CA 94135; Southern CA 91062 (single-source); region IDs vary by clearinghouse"
kaiser-permanente-colorado,Kaiser Permanente Colorado,Kaiser Foundation Health Plan,commercial,commercial|medicare_advantage,CO,1,KP Colorado,91617,per_region,,,"mymedicalbillsolution.com Kaiser billing guide (search summary): NCAL 94135, SCAL 91062, CO 91617, GA 61415, HI 99938, Mid-Atlantic 52192, NW 91165, WA 91151; Availity 837 PDF row: KAISER FOUNDATION HEALTH PLAN WASHINGTON 91051 | single-source (billing guide)"
kaiser-permanente-georgia,Kaiser Permanente Georgia,Kaiser Foundation Health Plan,commercial,commercial|medicare_advantage,GA,1,KP Georgia,,per_region,,,"mymedicalbillsolution.com Kaiser billing guide (search summary): NCAL 94135, SCAL 91062, CO 91617, GA 61415, HI 99938, Mid-Atlantic 52192, NW 91165, WA 91151; Availity 837 PDF row: KAISER FOUNDATION HEALTH PLAN WASHINGTON 91051 | conflict: 61415 (billing guide) vs 21313 (Office Ally) — verify before use"
kaiser-permanente-hawaii,Kaiser Permanente Hawaii,"Kaiser Foundation Health Plan, Inc.",commercial,commercial|managed_medicaid|medicare_advantage,HI,1,Kaiser Foundation Health Plan of Hawaii|Kaiser Permanente Senior Advantage,99938,per_region,,,"mymedicalbillsolution.com Kaiser billing guide (search summary): NCAL 94135, SCAL 91062, CO 91617, GA 61415, HI 99938, Mid-Atlantic 52192, NW 91165, WA 91151; Availity 837 PDF row: KAISER FOUNDATION HEALTH PLAN WASHINGTON 91051 | single-source (billing guide)"
kaiser-permanente-northwest,Kaiser Permanente Northwest,Kaiser Permanente,commercial,commercial|medicare_advantage,OR,1,KFHP-NW|Kaiser NW,91165,per_region,,,"mymedicalbillsolution.com Kaiser billing guide (search summary): NCAL 94135, SCAL 91062, CO 91617, GA 61415, HI 99938, Mid-Atlantic 52192, NW 91165, WA 91151; Availity 837 PDF row: KAISER FOUNDATION HEALTH PLAN WASHINGTON 91051 | single-source (billing guide)"
kaiser-permanente-washington,Kaiser Permanente Washington,Kaiser Permanente,commercial,commercial|medicare_advantage,WA,1,Group Health Cooperative (legacy name)|KFHPWA Options (PPO/point-of-service arm)|Kaiser Permanente Washington,,per_region,,,"mymedicalbillsolution.com Kaiser billing guide (search summary): NCAL 94135, SCAL 91062, CO 91617, GA 61415, HI 99938, Mid-Atlantic 52192, NW 91165, WA 91151; Availity 837 PDF row: KAISER FOUNDATION HEALTH PLAN WASHINGTON 91051 | conflict: 91051 (Availity) vs 91151 (billing guide) — verify before use"
l-a-care-health-plan,L.A. Care Health Plan,Local Initiative Health Authority for Los Angeles County (public agency),medicaid_mco,commercial|managed_medicaid,CA,1,L.A. Care Covered|Local Initiative Health Authority,,,,,
louisiana-healthcare-connections,Louisiana Healthcare Connections,Centene Corporation,medicaid_mco,commercial|managed_medicaid|medicare_advantage,LA,1,Ambetter from Louisiana Healthcare Connections|Wellcare (MA),68069,per_plan,,,"Availity 837 PDF: 68069 rows for AMBETTER, CENTENE, SUPERIOR HEALTHPLAN, plus most state plans (Sunflower, Sunshine, Peach State, Buckeye, Magnolia, Louisiana Healthcare Connections, Coordinated Care, Arizona Complete Health, etc.)"
magnolia-health,Magnolia Health (Centene),Centene Corporation,medicaid_mco,managed_medicaid|medicare_advantage,MS,1,Magnolia Health Plan|Wellcare by Allwell (Centene MA in MS),68069,per_plan,,,"Availity 837 PDF: 68069 rows for AMBETTER, CENTENE, SUPERIOR HEALTHPLAN, plus most state plans (Sunflower, Sunshine, Peach State, Buckeye, Magnolia, Louisiana Healthcare Connections, Coordinated Care, Arizona Complete Health, etc.)"
maryland-physicians-care,Maryland Physicians Care,"JV of Maryland hospital systems (incl. Ascension Saint Agnes, LifeBridge Health, Trinity Health/Holy Cross)",medicaid_mco,managed_medicaid,MD,1,MPC,,,,,
mass-general-brigham-health-plan,Mass General Brigham Health Plan,Mass General Brigham,commercial,commercial|managed_medicaid,MA,1,AllWays Health Partners (former)|Neighborhood Health Plan (legacy),,,,,
mclaren-health-plan,McLaren Health Plan,McLaren Health Care,medicaid_mco,commercial|managed_medicaid|medicare_advantage,MI,1,McLaren Community|McLaren Medicaid,,,,,
mdwise-exited-indiana-medicaid,"MDwise — EXITED Indiana Medicaid (Jan 1, 2026)","MDwise, Inc. (was McLaren Health Care affiliate)",medicaid_mco,managed_medicaid,IN,1,MDwise HIP|MDwise Hoosier Healthwise,,,,,
medcost,MedCost (Atrium Health/Advocate Health + Wake Forest owned TPA/network),Advocate Health (Atrium Health / Wake Forest University Baptist),commercial,commercial,NC,1,MedCost Benefit Services|MedCost Virginia,,,,,
medical-mutual-of-ohio,Medical Mutual of Ohio,Medical Mutual of Ohio (mutual; Ohio-based),commercial,commercial|medicare_advantage,OH,1,MedMutual|Medical Mutual Services (TPA)|SuperMed PPO network,29076,per_state,,,Availity 837 PDF (MEDICAL MUTUAL 29076)
medstar-family-choice,MedStar Family Choice,MedStar Health,medicaid_mco,managed_medicaid|medicare_advantage,MD,1,MedStar Family Choice Maryland|MedStar Medicare Choice (MA),,,,,
mending,Mending (formerly Taro Health),Mending Health,commercial,commercial,ME,1,Taro Health,,,,,
mercy-care,Mercy Care,Aetna/CVS Health (administered); sponsored by CommonSpirit/Ascension heritage partners,medicaid_mco,managed_medicaid|medicare_advantage,AZ,1,Mercy Care Advantage (D-SNP)|Mercy Care Plan|Mercy Care RBHA,,,,,
meridian-with-ambetter-wellcare-youthcare-affiliates,"Meridian (Centene) — with Ambetter, Wellcare, YouthCare affiliates",Centene Corporation,medicaid_mco,commercial|managed_medicaid|medicare_advantage,IL,1,Ambetter of Illinois (Celtic Insurance)|Meridian Health Plan of Illinois|Wellcare (MA)|YouthCare HealthChoice Illinois,,,,,Centene plans generally consolidate on 68069 — verify per plan
meridian-health-plan-of-michigan,Meridian Health Plan of Michigan (Centene),Centene Corporation,medicaid_mco,commercial|managed_medicaid|medicare_advantage,MI,1,Ambetter from Meridian (exchange)|Meridian|Wellcare (Centene Medicare),,,,,Centene plans generally consolidate on 68069 — verify per plan
metroplushealth,MetroPlusHealth (NYC Health + Hospitals),NYC Health + Hospitals,medicaid_mco,commercial|managed_medicaid|medicare_advantage,NY,1,"MetroPlus Gold|MetroPlus Health Plan, Inc.",,,,,
mhs-managed-health-services-with-ambetter-wellcare-affiliates,"MHS — Managed Health Services (Centene), with Ambetter/Wellcare affiliates",Centene Corporation,medicaid_mco,commercial|managed_medicaid|medicare_advantage,IN,1,Allwell (legacy)|Ambetter from MHS|Managed Health Services of Indiana|Wellcare (MA),,,,,Centene plans generally consolidate on 68069 — verify per plan
mhs-health-wisconsin,MHS Health Wisconsin (Centene),Centene Corporation,medicaid_mco,commercial|managed_medicaid,WI,1,"Ambetter from MHS Health Wisconsin (marketplace, via Celtic)|Managed Health Services",,,,,
molina-complete-care,Molina Complete Care (Molina Healthcare),Molina Healthcare,medicaid_mco,managed_medicaid|medicare_advantage,VA,1,Magellan Complete Care of Virginia (acquired by Molina 2022)|Molina Healthcare of Virginia,,,,,
molina-healthcare-of-arizona,Molina Healthcare of Arizona,"Molina Healthcare, Inc.",medicaid_mco,commercial|managed_medicaid|medicare_advantage,AZ,1,Molina Complete Care of Arizona|Molina Marketplace (AZ),A4353,per_state,,,"Search results: thepracticebridge.com/38333 (Molina Healthcare of California), claim.md/payer/38333; Molina clearinghouse info page summary (TX 20554, WA 38336 via Change Healthcare)"
molina-healthcare-of-california,Molina Healthcare of California,"Molina Healthcare, Inc.",medicaid_mco,commercial|managed_medicaid|medicare_advantage,CA,1,Molina Marketplace|Molina Medi-Cal,38333,per_state,,,"Search results: thepracticebridge.com/38333 (Molina Healthcare of California), claim.md/payer/38333; Molina clearinghouse info page summary (TX 20554, WA 38336 via Change Healthcare)"
molina-healthcare-of-florida,Molina Healthcare of Florida,Molina Healthcare,medicaid_mco,commercial|managed_medicaid,FL,1,,,,,,
molina-healthcare-of-georgia,Molina Healthcare of Georgia,Molina Healthcare,medicaid_mco,commercial|managed_medicaid,GA,1,,,,,,
molina-healthcare-of-idaho,Molina Healthcare of Idaho,"Molina Healthcare, Inc.",medicaid_mco,commercial|managed_medicaid|medicare_advantage,ID,1,Molina Marketplace Idaho|Molina Medicaid Plus,,,,,
molina-healthcare-of-illinois,Molina Healthcare of Illinois,"Molina Healthcare, Inc.",medicaid_mco,commercial|managed_medicaid|medicare_advantage,IL,1,Molina Marketplace|Molina Medicare,,,,,
molina-healthcare-of-iowa,Molina Healthcare of Iowa,"Molina Healthcare, Inc.",medicaid_mco,commercial|managed_medicaid,IA,1,Molina Marketplace Iowa,,,,,
molina-healthcare-of-michigan,Molina Healthcare of Michigan,Molina Healthcare,medicaid_mco,commercial|managed_medicaid|medicare_advantage,MI,1,Molina|Molina Marketplace|Molina Medicare,,,,,
molina-healthcare-of-mississippi,Molina Healthcare of Mississippi,Molina Healthcare,medicaid_mco,commercial|managed_medicaid|medicare_advantage,MS,1,Molina Marketplace MS,,,,,
molina-healthcare-of-nebraska,Molina Healthcare of Nebraska,Molina Healthcare,medicaid_mco,managed_medicaid,NE,1,Molina NE,,,,,
molina-healthcare-of-nevada,Molina Healthcare of Nevada,Molina Healthcare,medicaid_mco,managed_medicaid|medicare_advantage,NV,1,Molina NV,,,,,
molina-healthcare-of-new-mexico,Molina Healthcare of New Mexico,Molina Healthcare,medicaid_mco,commercial|managed_medicaid|medicare_advantage,NM,1,Molina Marketplace (NM)|Molina Medicare,,,,,
molina-healthcare-of-ohio,Molina Healthcare of Ohio,Molina Healthcare,medicaid_mco,commercial|managed_medicaid|medicare_advantage,OH,1,Molina Dual Options|Molina Marketplace (OH)|Molina MyCare Ohio,,,,,
molina-healthcare-of-south-carolina,Molina Healthcare of South Carolina,"Molina Healthcare, Inc.",medicaid_mco,commercial|managed_medicaid|medicare_advantage,SC,1,Molina Marketplace SC|Molina Medicare,,,,,
molina-healthcare-of-texas,Molina Healthcare of Texas,"Molina Healthcare, Inc.",medicaid_mco,commercial|managed_medicaid|medicare_advantage,TX,1,Molina Marketplace (TX),20554,per_state,,,"Search results: thepracticebridge.com/38333 (Molina Healthcare of California), claim.md/payer/38333; Molina clearinghouse info page summary (TX 20554, WA 38336 via Change Healthcare)"
molina-healthcare-of-utah,Molina Healthcare of Utah,"Molina Healthcare, Inc.",medicaid_mco,commercial|managed_medicaid|medicare_advantage,UT,1,Molina Marketplace (UT),,,,,
molina-healthcare-of-washington,Molina Healthcare of Washington,Molina Healthcare,medicaid_mco,commercial|managed_medicaid|medicare_advantage,WA,1,Molina Marketplace (Ambetter-style exchange product)|Molina Medicare,38336,per_state,,,"Search results: thepracticebridge.com/38333 (Molina Healthcare of California), claim.md/payer/38333; Molina clearinghouse info page summary (TX 20554, WA 38336 via Change Healthcare)"
molina-healthcare-of-wisconsin,Molina Healthcare of Wisconsin (incl. My Choice Wisconsin),Molina Healthcare,medicaid_mco,commercial|managed_medicaid|medicare_advantage,WI,1,Molina Marketplace|My Choice Wisconsin (LTSS),,,,,
mvp-health-care,MVP Health Care (VT),"MVP Health Care (Schenectady, NY nonprofit)",commercial,commercial,VT,1,MVP,14165,per_region,,,Availity 837 PDF (MVP HEALTH CARE / MVP HEALTH PLAN / MVP Medicaid all 14165)
nebraska-total-care,Nebraska Total Care (Centene),Centene Corporation,medicaid_mco,managed_medicaid,NE,1,NTC,,,,,Centene plans generally consolidate on 68069 — verify per plan
neighborhood-health-plan-of-rhode-island,Neighborhood Health Plan of Rhode Island,Nonprofit (founded by RI community health centers),medicaid_mco,commercial|managed_medicaid,RI,1,NHPRI|Neighborhood INTEGRITY,,,,,
network-health,Network Health,Froedtert Health + Ascension Wisconsin (joint ownership),commercial,commercial|medicare_advantage,WI,1,Network Health Medicare Advantage|Network Health Plan,,,,,
new-hampshire-healthy-families,New Hampshire Healthy Families (Centene),Centene Corporation,medicaid_mco,commercial|managed_medicaid,NH,1,Ambetter from NH Healthy Families (marketplace)|NHHF,,,,,Centene plans generally consolidate on 68069 — verify per plan
nextblue-of-north-dakota,NextBlue of North Dakota (BCBSND),Blue Cross Blue Shield of North Dakota / HealthyDakota Mutual Holdings,medicare_advantage,medicare_advantage,ND,1,NextBlue of North Dakota Insurance Company,,,,,
oklahoma-complete-health,Oklahoma Complete Health,Centene Corporation,medicaid_mco,managed_medicaid,OK,1,Centene Oklahoma|OCH,,,,,Centene plans generally consolidate on 68069 — verify per plan
original-medicare-and-wyoming-medicaid,Original Medicare & Wyoming Medicaid (direct FFS enrollment),CMS / Wyoming Department of Health,commercial,,WY,1,,,,,,
pace-organization-of-rhode-island,PACE Organization of Rhode Island,Independent nonprofit PACE,medicaid_mco,managed_medicaid|medicare_advantage,RI,1,PACE-RI,,,,,
passport-health-plan-by-molina-healthcare,Passport Health Plan by Molina Healthcare,Molina Healthcare,medicaid_mco,commercial|managed_medicaid,KY,1,Molina Healthcare of Kentucky|Passport,,,,,
peak-health,Peak Health (WVU Medicine),West Virginia University Health System,commercial,commercial|medicare_advantage,WV,1,Peak Health Medicare Advantage,,,,,
pehp-health-and-benefits,PEHP Health & Benefits,Utah Retirement Systems (public trust),commercial,commercial,UT,1,Public Employees Health Program,,,,,
peoples-health,Peoples Health (UnitedHealth Group),UnitedHealth Group (acquired 2018),medicare_advantage,medicare_advantage,LA,1,Peoples Health Dual Complete|Peoples Health Secure Health,,,,,
physicians-health-plan-of-northern-indiana,Physicians Health Plan of Northern Indiana (PHP),"PHP (Fort Wayne-based, provider-affiliated)",commercial,commercial|medicare_advantage,IN,1,PHP Medicare,,,,,
piedmont-community-health-plan,Piedmont Community Health Plan,Centra Health,commercial,commercial,VA,1,PCHP,,,,,
point32health,Point32Health (Harvard Pilgrim Health Care + Tufts Health Plan),Point32Health,commercial,commercial|managed_medicaid|medicare_advantage,MA,1,Harvard Pilgrim|Tufts Health Direct|Tufts Health Plan|Tufts Health Together|Tufts Medicare Preferred,04271,per_plan,,,"claim.md/payer/04271 (Harvard Pilgrim Health Care); claim.md/payer/04298 (Tufts Health Plan); quickintell.com/payers/tufts-health-plan | no unified Point32Health payer ID — Harvard Pilgrim 04271, Tufts 04298"
preferredone,PreferredOne (Fairview / now part of Medica orbit),Fairview Health Services (PreferredOne Insurance Co.); administrative alignment with Medica,commercial,commercial,MN,1,PreferredOne Community Health Plan,,,,,
presbyterian-health-plan,Presbyterian Health Plan (NM),Presbyterian Healthcare Services,medicaid_mco,commercial|managed_medicaid|medicare_advantage,NM,1,PHP|Presbyterian Insurance Company|Presbyterian Senior Care|Presbyterian Turquoise Care,PREHP,per_state,,,Availity 837 PDF (PRESBYTERIAN HEALTH PLAN (COMMERCIAL) PREHP; Medicaid NM Presbyterian Salud PRESA)
primewest-health,PrimeWest Health,County-based purchasing joint powers (24 west-central MN counties),medicaid_mco,managed_medicaid,MN,1,,,,,,
priority-health,Priority Health (Corewell Health),Corewell Health,commercial,commercial|managed_medicaid|medicare_advantage,MI,1,Priority Health Choice (Medicaid)|PriorityMedicare,38217,per_state,,,claim.md/payer/38217/Priority Health.html
priority-partners,Priority Partners (Johns Hopkins Health Plans),Johns Hopkins Medicine (JV with Maryland Community Health System),medicaid_mco,managed_medicaid,MD,1,PPMCO,,,,,
prominence-health-plan,Prominence Health Plan (UHS),Universal Health Services,commercial,commercial|medicare_advantage,NV,1,Prominence HealthFirst,,,,,
providence-health-plan,Providence Health Plan,Providence (health system),commercial,commercial|medicare_advantage,OR,1,PHP|Providence Medicare Advantage,SX133,per_region,,,claim.md/payer/sx133 (result titled 'Providence Health Plan')
qualchoice,QualChoice (Centene),Centene Corporation,commercial,commercial,AR,1,QCA Health Plan|QualChoice of Arkansas,,,,,Centene plans generally consolidate on 68069 — verify per plan
quartz-health,Quartz Health,"Quartz Health Solutions (UW Health, Gundersen/Emplify, Advocate Aurora ownership)",commercial,commercial|managed_medicaid|medicare_advantage,WI,1,Quartz Health Benefit Plans|Unity Health Insurance / Gundersen Health Plan / Physicians Plus (legacy brands),39180,per_region,,,Availity 837 PDF (QUARTZ 39180)
regence-bluecross-blueshield-of-oregon,Regence BlueCross BlueShield of Oregon,Cambia Health Solutions,commercial,commercial|medicare_advantage,OR,1,Cambia|Regence Oregon,00851,per_state,,,"Availity 837 PDF: REGENCE BCBS OREGON 00851, REGENCE BCBS UTAH 00910, REGENCE BS IDAHO 00611, REGENCE BS WASHINGTON 00932; Asuris NW 93221, BridgeSpan BRIDG"
regence-bluecross-blueshield-of-utah,Regence BlueCross BlueShield of Utah (Cambia),Cambia Health Solutions,commercial,commercial|medicare_advantage,UT,1,Regence BCBS Utah,00910,per_state,,,"Availity 837 PDF: REGENCE BCBS OREGON 00851, REGENCE BCBS UTAH 00910, REGENCE BS IDAHO 00611, REGENCE BS WASHINGTON 00932; Asuris NW 93221, BridgeSpan BRIDG"
regence-blueshield,Regence BlueShield (Cambia),Cambia Health Solutions,commercial,commercial|medicare_advantage,WA,1,"Asuris Northwest Health (Cambia affiliate, eastern WA)|Regence BlueShield of Washington",00932,per_state,,,"Availity 837 PDF: REGENCE BCBS OREGON 00851, REGENCE BCBS UTAH 00910, REGENCE BS IDAHO 00611, REGENCE BS WASHINGTON 00932; Asuris NW 93221, BridgeSpan BRIDG"
regence-blueshield-of-idaho,Regence BlueShield of Idaho (Cambia Health Solutions),Cambia Health Solutions,commercial,commercial|medicare_advantage,ID,1,Regence Blue Shield of Idaho,00611,per_state,,,"Availity 837 PDF: REGENCE BCBS OREGON 00851, REGENCE BCBS UTAH 00910, REGENCE BS IDAHO 00611, REGENCE BS WASHINGTON 00932; Asuris NW 93221, BridgeSpan BRIDG"
rocky-mountain-health-plans,Rocky Mountain Health Plans (UnitedHealthcare),UnitedHealth Group,commercial,commercial|managed_medicaid|medicare_advantage,CO,1,RMHP|RMHP PRIME,,,,,
samaritan-health-plans-intercommunity-health-network-cco,Samaritan Health Plans / InterCommunity Health Network CCO,Samaritan Health Services,medicaid_mco,commercial|managed_medicaid|medicare_advantage,OR,1,IHN-CCO|Samaritan Advantage,,,,,
security-health-plan,Security Health Plan (Marshfield Clinic),Marshfield Clinic Health System (Sanford Health merger completed 2025),commercial,commercial|managed_medicaid|medicare_advantage,WI,1,Security Administrative Services (ASO)|Security Health Plan of Wisconsin,,per_region,,,
sentara-health-plans,Sentara Health Plans (formerly Optima Health),Sentara Health,commercial,commercial|managed_medicaid|medicare_advantage,VA,1,Optima Health|Sentara Community Plan (Medicaid)|Virginia Premier (merged into Sentara Health Plans),54154,per_region,,,claim.md/payer/54154 (Optima/Sentara Health Plan); practice.mbpractice.com payerId=54154
silversummit-healthplan,SilverSummit Healthplan (Centene),Centene Corporation,medicaid_mco,commercial|managed_medicaid,NV,1,Ambetter from SilverSummit Healthplan (marketplace)|Wellcare (Centene MA),,,,,Centene plans generally consolidate on 68069 — verify per plan
simply-healthcare-plans,Simply Healthcare Plans (Elevance Health),Elevance Health,medicaid_mco,managed_medicaid|medicare_advantage,FL,1,Clear Health Alliance (HIV/AIDS specialty brand)|Freedom Health (Elevance MA)|Optimum HealthCare (Elevance MA)|Simply,,,,,
simpra-advantage,Simpra Advantage,Simpra Advantage Inc.,medicare_advantage,medicare_advantage,AL,1,,,,,,
south-country-health-alliance,South Country Health Alliance,County-based purchasing joint powers (southern MN counties),medicaid_mco,managed_medicaid,MN,1,SCHA,,,,,
st-luke-s-health-plan,St. Luke's Health Plan,St. Luke's Health System (Boise),commercial,commercial,ID,1,,,,,,
summit-community-care,Summit Community Care (Elevance Health),Elevance Health (Anthem),medicaid_mco,managed_medicaid,AR,1,Summit PASSE,,,,,
sunflower-health-plan,Sunflower Health Plan,Centene Corporation,medicaid_mco,commercial|managed_medicaid|medicare_advantage,KS,1,Ambetter from Sunflower Health Plan (marketplace)|Wellcare (Centene MA affiliate),68069,per_plan,,,"Availity 837 PDF: 68069 rows for AMBETTER, CENTENE, SUPERIOR HEALTHPLAN, plus most state plans (Sunflower, Sunshine, Peach State, Buckeye, Magnolia, Louisiana Healthcare Connections, Coordinated Care, Arizona Complete Health, etc.)"
sunshine-health,Sunshine Health (Centene),Centene Corporation,medicaid_mco,commercial|managed_medicaid|medicare_advantage,FL,1,Ambetter from Sunshine Health|Children's Medical Services Health Plan (operated by Sunshine)|Sunshine State Health Plan|Wellcare of Florida,68069,per_plan,,,"Availity 837 PDF: 68069 rows for AMBETTER, CENTENE, SUPERIOR HEALTHPLAN, plus most state plans (Sunflower, Sunshine, Peach State, Buckeye, Magnolia, Louisiana Healthcare Connections, Coordinated Care, Arizona Complete Health, etc.)"
superior-healthplan,Superior HealthPlan (Centene),Centene Corporation,medicaid_mco,commercial|managed_medicaid|medicare_advantage,TX,1,Ambetter from Superior HealthPlan|Wellcare (Centene TX MA),68069,per_plan,,,"Availity 837 PDF: 68069 rows for AMBETTER, CENTENE, SUPERIOR HEALTHPLAN, plus most state plans (Sunflower, Sunshine, Peach State, Buckeye, Magnolia, Louisiana Healthcare Connections, Coordinated Care, Arizona Complete Health, etc.)"
the-health-plan,The Health Plan (WV),"The Health Plan of West Virginia Inc. (independent, provider-affiliated non-profit)",commercial,commercial|managed_medicaid|medicare_advantage,WV,1,SecureCare (MA)|THP|The Health Plan of the Upper Ohio Valley (legacy name),95677,per_region,,,healthplan.org search summary: 'The Health Plan's National Payer ID is 95677'
trillium-community-health-plan,Trillium Community Health Plan,Centene Corporation,medicaid_mco,managed_medicaid|medicare_advantage,OR,1,Trillium North|Trillium South,,,,,Centene plans generally consolidate on 68069 — verify per plan
trillium-health-resources,Trillium Health Resources (Tailored Plan),Trillium Health Resources (public managed-care entity),medicaid_mco,managed_medicaid,NC,1,Trillium Tailored Plan,,,,,
truecare,"TrueCare (Mississippi True, CareSource-supported)",Mississippi True (provider-sponsored nonprofit; CareSource strategic partner),medicaid_mco,managed_medicaid,MS,1,Mississippi True,,,,,
tufts-health-plan,Tufts Health Plan,Point32Health,commercial,commercial|medicare_advantage,RI,1,Tufts Health Direct|Tufts Health RITogether (exited 2025),04298,per_plan,,,claim.md/payer/04271 (Harvard Pilgrim Health Care); claim.md/payer/04298 (Tufts Health Plan); quickintell.com/payers/tufts-health-plan
ucare,UCare,UCare Minnesota (independent nonprofit),medicaid_mco,managed_medicaid|medicare_advantage,MN,1,UCare Connect (SNBC)|UCare Minnesota Senior Health Options,55413,per_state,,,claim.md/payer/55413; ucare.org electronic-transactions page surfaced in same search
uha-health-insurance,UHA Health Insurance (University Health Alliance),University Health Alliance,commercial,commercial,HI,1,UHA,,,,,
unicare,UniCare (Elevance Health),Elevance Health,commercial,commercial,MA,1,GIC Basic/Community Choice|UniCare State Indemnity Plan,,,,,
university-of-utah-health-plans,University of Utah Health Plans (Healthy U),University of Utah Health,medicaid_mco,commercial|managed_medicaid,UT,1,Healthy U|U of U Health Plans,,,,,
upmc-health-plan,UPMC Health Plan (incl. UPMC for You),UPMC,commercial,commercial|managed_medicaid|medicare_advantage,PA,1,UPMC Community HealthChoices|UPMC for Life|UPMC for You,23281,per_region,,,claim.md/payer/23281/UPMC; thepracticebridge.com/23281
vantage-health-plan,Vantage Health Plan,"Vantage Holdings (Monroe, LA; affiliated with Affinity Health Group)",medicare_advantage,commercial|medicare_advantage,LA,1,Vantage Medicare Advantage,,,,,
viva-health,VIVA Health,UAB Health System (University of Alabama at Birmingham),medicare_advantage,commercial|medicare_advantage,AL,1,"VIVA Health, Inc.|Viva Medicare",,,,,
wellcare-of-kentucky,WellCare of Kentucky,Centene Corporation,medicaid_mco,commercial|managed_medicaid|medicare_advantage,KY,1,Ambetter from WellCare of Kentucky (marketplace)|Wellcare (MA),,,,,WellCare-branded plans seen as 14163/11315 in the Availity list — verify per plan
wellcare-of-north-carolina,WellCare of North Carolina (Centene),Centene Corporation,medicaid_mco,managed_medicaid|medicare_advantage,NC,1,Ambetter of North Carolina (Centene sister exchange brand)|Carolina Complete Health (merged into WellCare April 2026)|Wellcare (MA/PDP brand),,,,,WellCare-branded plans seen as 14163/11315 in the Availity list — verify per plan
wellpoint-iowa,"Wellpoint Iowa (Elevance Health, formerly Amerigroup Iowa)",Elevance Health,medicaid_mco,managed_medicaid,IA,1,Amerigroup Iowa (legacy name),,,,,
wellpoint-maryland,Wellpoint Maryland (Elevance),"Elevance Health (renamed from Amerigroup Community Care, 2024)",medicaid_mco,managed_medicaid,MD,1,Amerigroup Community Care (former name)|Wellpoint,,,,,
wellpoint-new-jersey,Wellpoint New Jersey (Elevance),Elevance Health,medicaid_mco,managed_medicaid,NJ,1,Amerigroup New Jersey (former name),,,,,
wellpoint-tennessee,Wellpoint Tennessee (Elevance Health),Elevance Health,medicaid_mco,managed_medicaid|medicare_advantage,TN,1,Amerigroup Community Care|Amerigroup Tennessee (pre-2024 name),,,,,
wellpoint-texas,Wellpoint Texas (Elevance Health),Elevance Health,medicaid_mco,managed_medicaid|medicare_advantage,TX,1,Amerigroup Texas (pre-2024 name),,,,,
wellpoint-washington,Wellpoint Washington (Elevance),Elevance Health,medicaid_mco,managed_medicaid|medicare_advantage,WA,1,Amerigroup Washington (renamed Wellpoint effective 2024),,,,,
wellpoint-west-virginia,Wellpoint West Virginia (Elevance),Elevance Health,medicaid_mco,managed_medicaid|medicare_advantage,WV,1,UniCare Health Plan of West Virginia (renamed Wellpoint 2024),,,,,
wellsense-health-plan,WellSense Health Plan (Boston Medical Center Health System),Boston Medical Center Health System,medicaid_mco,commercial|managed_medicaid,MA,1,BMC HealthNet Plan (former name)|WellSense Care Alliance|WellSense Clarity/Qualified Health Plans,,,,,
wellsense-health-plan-of-new-hampshire,WellSense Health Plan of New Hampshire,Boston Medical Center Health System,medicaid_mco,managed_medicaid,NH,1,BMC HealthNet Plan (parent's MA-state brand)|Well Sense Health Plan (former name),,,,,
yale-health,Yale Health,Yale University,commercial,commercial,CT,1,Yale Health Plan,,,,,
zing-health,Zing Health,Zing Health Holdings (Chicago),medicare_advantage,medicare_advantage,IL,1,,,,,,
